year,scenario,county_id,county_name,state,mean_annual_temp_c,min_temp_c,max_temp_c,temp_range_c,temp_std_c,days_below_freezing,days_above_30c,growing_degree_days,cooling_degree_days,heating_degree_days
2015,historical,15005,Kalawao,,24.429792404174805,19.914199829101562,26.993621826171875,7.0794219970703125,1.3337410688400269,0,0,5266.8740234375,2346.8740234375,0.0
2016,historical,15005,Kalawao,,24.367753982543945,19.827789306640625,26.9971923828125,7.169403076171875,1.4045695066452026,0,0,5244.23095703125,2324.23095703125,0.0
2017,historical,15005,Kalawao,,24.45599365234375,19.757965087890625,26.91436767578125,7.156402587890625,1.7351670265197754,0,0,5276.4384765625,2356.438232421875,0.0
2018,historical,15005,Kalawao,,24.595077514648438,20.486892700195312,27.331451416015625,6.8445587158203125,1.246823787689209,0,0,5327.203125,2407.203125,0.0
2019,historical,15005,Kalawao,,24.165067672729492,19.371566772460938,27.17138671875,7.7998199462890625,1.9691510200500488,0,0,5170.2509765625,2250.250732421875,0.0
2020,historical,15005,Kalawao,,24.82906150817871,21.353713989257812,27.980804443359375,6.6270904541015625,1.332564353942871,0,0,5412.60693359375,2492.60693359375,0.0
2021,historical,15005,Kalawao,,24.70865249633789,19.573715209960938,27.077835083007812,7.504119873046875,1.5007268190383911,0,0,5368.658203125,2448.65771484375,0.0
2022,historical,15005,Kalawao,,23.695114135742188,19.165206909179688,25.98333740234375,6.8181304931640625,1.4639298915863037,0,0,4998.716796875,2078.717041015625,0.0
2023,historical,15005,Kalawao,,23.24571990966797,20.322296142578125,24.860061645507812,4.5377655029296875,1.0829554796218872,0,0,4834.6875,1914.6876220703125,0.0
2024,historical,15005,Kalawao,,23.167510986328125,20.3546142578125,25.34454345703125,4.98992919921875,1.0944194793701172,0,0,4806.1416015625,1886.141845703125,0.0
2025,historical,15005,Kalawao,,23.71974754333496,19.181854248046875,26.9190673828125,7.737213134765625,1.5828664302825928,0,0,5007.7080078125,2087.7080078125,0.0
2026,historical,15005,Kalawao,,23.049802780151367,19.983978271484375,24.86767578125,4.883697509765625,1.0035465955734253,0,0,4763.177734375,1843.1773681640625,0.0
2027,historical,15005,Kalawao,,24.09246253967285,20.242279052734375,27.090667724609375,6.848388671875,1.6948636770248413,0,0,5143.7490234375,2223.7490234375,0.0
2028,historical,15005,Kalawao,,23.609161376953125,19.765960693359375,26.40264892578125,6.636688232421875,1.602597713470459,0,0,4967.34423828125,2047.34423828125,0.0
2029,historical,15005,Kalawao,,23.571102142333984,19.467498779296875,25.978607177734375,6.5111083984375,1.4146203994750977,0,0,4953.45166015625,2033.4517822265625,0.0
2030,historical,15005,Kalawao,,23.68572425842285,20.669952392578125,25.38677978515625,4.716827392578125,0.9217537641525269,0,0,4995.2890625,2075.28857421875,0.0
2031,historical,15005,Kalawao,,24.183063507080078,20.401031494140625,26.818817138671875,6.41778564453125,1.6341159343719482,0,0,5176.818359375,2256.818359375,0.0
2032,historical,15005,Kalawao,,24.439680099487305,20.281814575195312,26.925262451171875,6.6434478759765625,1.3561931848526,0,0,5270.4833984375,2350.483154296875,0.0
2033,historical,15005,Kalawao,,24.412973403930664,21.108001708984375,27.412628173828125,6.30462646484375,1.569046974182129,0,0,5260.7353515625,2340.7353515625,0.0
2034,historical,15005,Kalawao,,24.283802032470703,20.562057495117188,27.557464599609375,6.9954071044921875,1.7049229145050049,0,0,5213.5869140625,2293.5869140625,0.0
2035,historical,15005,Kalawao,,24.1491756439209,20.593292236328125,25.867965698242188,5.2746734619140625,1.1276819705963135,0,0,5164.44970703125,2244.4501953125,0.0
2036,historical,15005,Kalawao,,25.091571807861328,21.983856201171875,27.319686889648438,5.3358306884765625,1.1969387531280518,0,0,5508.4248046875,2588.42431640625,0.0
2037,historical,15005,Kalawao,,24.18798065185547,20.244247436523438,26.3480224609375,6.1037750244140625,1.3128830194473267,0,0,5178.61279296875,2258.612548828125,0.0
2038,historical,15005,Kalawao,,23.76271629333496,19.78216552734375,26.374542236328125,6.592376708984375,1.3193625211715698,0,0,5023.3916015625,2103.39111328125,0.0
2039,historical,15005,Kalawao,,23.15581703186035,18.943466186523438,25.524734497070312,6.581268310546875,1.228506326675415,0,0,4801.873046875,1881.873291015625,0.0
2040,historical,15005,Kalawao,,24.23021697998047,18.640182495117188,26.631134033203125,7.9909515380859375,1.7564083337783813,0,0,5194.0283203125,2274.0283203125,0.0
2041,historical,15005,Kalawao,,25.46727752685547,21.92706298828125,28.2674560546875,6.34039306640625,1.5319409370422363,0,0,5645.556640625,2725.556640625,0.0
2042,historical,15005,Kalawao,,24.769718170166016,21.136215209960938,27.978973388671875,6.8427581787109375,1.6453464031219482,0,0,5390.9462890625,2470.9462890625,0.0
2043,historical,15005,Kalawao,,24.683931350708008,20.163726806640625,27.35333251953125,7.189605712890625,1.7422107458114624,0,0,5359.63525390625,2439.63525390625,0.0
2044,historical,15005,Kalawao,,24.94693374633789,21.005157470703125,27.176406860351562,6.1712493896484375,1.1493231058120728,0,0,5455.630859375,2535.630859375,0.0
2045,historical,15005,Kalawao,,24.796072006225586,21.607589721679688,26.82525634765625,5.2176666259765625,1.1351505517959595,0,0,5400.56591796875,2480.56591796875,0.0
2046,historical,15005,Kalawao,,24.61525535583496,21.019393920898438,27.230300903320312,6.210906982421875,1.3838787078857422,0,0,5334.5693359375,2414.56884765625,0.0
2047,historical,15005,Kalawao,,25.072345733642578,20.367996215820312,28.02569580078125,7.6576995849609375,1.732238531112671,0,0,5501.40625,2581.40625,0.0
2048,historical,15005,Kalawao,,25.686349868774414,22.051925659179688,28.512435913085938,6.46051025390625,1.6192764043807983,0,0,5725.51708984375,2805.51708984375,0.0
2049,historical,15005,Kalawao,,25.4335880279541,21.6915283203125,30.209075927734375,8.517547607421875,1.834562063217163,0,2,5633.26025390625,2713.26025390625,0.0
2050,historical,15005,Kalawao,,25.35883903503418,19.764999389648438,28.067428588867188,8.30242919921875,1.9808149337768555,0,0,5605.97607421875,2685.9755859375,0.0
2051,historical,15005,Kalawao,,26.68429183959961,22.30438232421875,28.750823974609375,6.446441650390625,1.3228249549865723,0,0,6089.7666015625,3169.76611328125,0.0
2052,historical,15005,Kalawao,,25.821430206298828,21.705596923828125,27.973098754882812,6.2675018310546875,1.3208645582199097,0,0,5774.8232421875,2854.8232421875,0.0
2053,historical,15005,Kalawao,,25.95765495300293,20.810989379882812,29.720565795898438,8.909576416015625,2.1620073318481445,0,0,5824.54443359375,2904.54443359375,0.0
2054,historical,15005,Kalawao,,25.574668884277344,21.724456787109375,28.469940185546875,6.7454833984375,1.6779963970184326,0,0,5684.75439453125,2764.754638671875,0.0
2055,historical,15005,Kalawao,,26.301782608032227,21.93463134765625,29.273391723632812,7.3387603759765625,1.8332750797271729,0,0,5950.150390625,3030.150390625,0.0
2056,historical,15005,Kalawao,,25.605228424072266,20.637481689453125,28.743133544921875,8.10565185546875,1.7941126823425293,0,0,5695.908203125,2775.90771484375,0.0
2057,historical,15005,Kalawao,,25.638120651245117,21.59173583984375,28.49859619140625,6.9068603515625,1.4637696743011475,0,0,5707.9140625,2787.9140625,0.0
2058,historical,15005,Kalawao,,24.334156036376953,20.890518188476562,26.223587036132812,5.33306884765625,1.1203159093856812,0,0,5231.96728515625,2311.96728515625,0.0
2059,historical,15005,Kalawao,,25.163190841674805,20.39434814453125,27.609115600585938,7.2147674560546875,1.45844304561615,0,0,5534.564453125,2614.564697265625,0.0
2060,historical,15005,Kalawao,,25.53489112854004,20.926177978515625,28.79656982421875,7.870391845703125,1.6804563999176025,0,0,5670.2353515625,2750.2353515625,0.0
2061,historical,15005,Kalawao,,25.949831008911133,20.620819091796875,30.146224975585938,9.525405883789062,1.9231996536254883,0,1,5821.68994140625,2901.689453125,0.0
2062,historical,15005,Kalawao,,25.358261108398438,20.437942504882812,27.940673828125,7.5027313232421875,1.7384650707244873,0,0,5605.76513671875,2685.76513671875,0.0
2063,historical,15005,Kalawao,,26.114469528198242,22.0194091796875,28.20648193359375,6.18707275390625,1.4418003559112549,0,0,5881.78173828125,2961.78125,0.0
2064,historical,15005,Kalawao,,25.56204605102539,22.758285522460938,28.2578125,5.4995269775390625,1.37021005153656,0,0,5680.14697265625,2760.14697265625,0.0
2065,historical,15005,Kalawao,,25.224157333374023,20.768341064453125,28.755020141601562,7.9866790771484375,1.722782850265503,0,0,5556.8173828125,2636.81689453125,0.0
2066,historical,15005,Kalawao,,25.465768814086914,20.701934814453125,28.807540893554688,8.105606079101562,2.023594856262207,0,0,5645.00634765625,2725.006103515625,0.0
2067,historical,15005,Kalawao,,25.587371826171875,20.85113525390625,28.803924560546875,7.952789306640625,1.886587381362915,0,0,5689.3896484375,2769.389892578125,0.0
2068,historical,15005,Kalawao,,26.355785369873047,21.39544677734375,28.969696044921875,7.574249267578125,1.545075535774231,0,0,5969.861328125,3049.861083984375,0.0
2069,historical,15005,Kalawao,,26.16259002685547,21.9307861328125,30.021087646484375,8.090301513671875,2.105926752090454,0,1,5899.345703125,2979.345703125,0.0
2070,historical,15005,Kalawao,,25.462669372558594,20.61773681640625,28.466217041015625,7.848480224609375,1.7713663578033447,0,0,5643.8740234375,2723.8740234375,0.0
2071,historical,15005,Kalawao,,27.011333465576172,22.152130126953125,31.132171630859375,8.98004150390625,2.0075249671936035,0,16,6209.13671875,3289.136962890625,0.0
2072,historical,15005,Kalawao,,25.889955520629883,20.746429443359375,29.330581665039062,8.584152221679688,2.1778159141540527,0,0,5799.8349609375,2879.8349609375,0.0
2073,historical,15005,Kalawao,,26.229543685913086,22.138351440429688,28.98394775390625,6.8455963134765625,1.580179214477539,0,0,5923.783203125,3003.782958984375,0.0
2074,historical,15005,Kalawao,,26.705110549926758,22.402877807617188,29.634109497070312,7.231231689453125,1.7453091144561768,0,0,6097.36572265625,3177.36572265625,0.0
2075,historical,15005,Kalawao,,26.948347091674805,23.236343383789062,29.898605346679688,6.662261962890625,1.5554627180099487,0,0,6186.146484375,3266.146728515625,0.0
2076,historical,15005,Kalawao,,25.522907257080078,21.453216552734375,28.105056762695312,6.6518402099609375,1.5169733762741089,0,0,5665.861328125,2745.861328125,0.0
2077,historical,15005,Kalawao,,25.861194610595703,21.723968505859375,28.540756225585938,6.8167877197265625,1.5633701086044312,0,0,5789.3359375,2869.33642578125,0.0
2078,historical,15005,Kalawao,,26.014774322509766,21.98333740234375,28.0908203125,6.10748291015625,1.2131954431533813,0,0,5845.392578125,2925.392822265625,0.0
2079,historical,15005,Kalawao,,26.305702209472656,23.412582397460938,29.284347534179688,5.87176513671875,1.350662112236023,0,0,5951.5810546875,3031.580810546875,0.0
2080,historical,15005,Kalawao,,25.63709259033203,21.808319091796875,29.047622680664062,7.2393035888671875,1.9452563524246216,0,0,5707.5390625,2787.538818359375,0.0
2081,historical,15005,Kalawao,,26.722671508789062,21.714553833007812,30.545730590820312,8.8311767578125,2.2361514568328857,0,7,6103.77587890625,3183.775634765625,0.0
2082,historical,15005,Kalawao,,27.48433494567871,22.96435546875,30.264495849609375,7.300140380859375,1.7447696924209595,0,5,6381.7822265625,3461.7822265625,0.0
2083,historical,15005,Kalawao,,27.169269561767578,22.679367065429688,30.380050659179688,7.70068359375,2.0274100303649902,0,17,6266.78369140625,3346.78369140625,0.0
2084,historical,15005,Kalawao,,26.74761962890625,22.27032470703125,29.69061279296875,7.4202880859375,1.9189105033874512,0,0,6112.880859375,3192.880859375,0.0
2085,historical,15005,Kalawao,,26.862714767456055,21.262664794921875,29.786453247070312,8.523788452148438,1.5644959211349487,0,0,6154.890625,3234.890625,0.0
2086,historical,15005,Kalawao,,26.416261672973633,21.663360595703125,28.8984375,7.235076904296875,1.5771840810775757,0,0,5991.935546875,3071.935546875,0.0
2087,historical,15005,Kalawao,,27.488283157348633,21.86724853515625,30.55950927734375,8.6922607421875,1.8933279514312744,0,23,6383.2236328125,3463.2236328125,0.0
2088,historical,15005,Kalawao,,27.130586624145508,22.79327392578125,30.536697387695312,7.7434234619140625,1.9257307052612305,0,10,6252.6640625,3332.664306640625,0.0
2089,historical,15005,Kalawao,,26.646053314208984,21.19989013671875,30.275711059570312,9.075820922851562,2.2786271572113037,0,3,6075.80908203125,3155.80908203125,0.0
2090,historical,15005,Kalawao,,27.627904891967773,24.789276123046875,30.212860107421875,5.423583984375,1.291408896446228,0,2,6434.18505859375,3514.18505859375,0.0
2091,historical,15005,Kalawao,,27.731842041015625,24.205184936523438,30.241241455078125,6.0360565185546875,1.5591202974319458,0,10,6472.1220703125,3552.122314453125,0.0
2092,historical,15005,Kalawao,,26.540868759155273,22.19757080078125,29.873611450195312,7.6760406494140625,1.764927625656128,0,0,6037.4169921875,3117.4169921875,0.0
2093,historical,15005,Kalawao,,25.723020553588867,21.572982788085938,28.202606201171875,6.6296234130859375,1.5434701442718506,0,0,5738.90234375,2818.90185546875,0.0
2094,historical,15005,Kalawao,,26.085693359375,21.9488525390625,28.664047241210938,6.7151947021484375,1.5310204029083252,0,0,5871.27734375,2951.27734375,0.0
2095,historical,15005,Kalawao,,27.119279861450195,23.628463745117188,29.691192626953125,6.0627288818359375,1.4377872943878174,0,0,6248.53662109375,3328.5361328125,0.0
2096,historical,15005,Kalawao,,26.763633728027344,22.898239135742188,30.03485107421875,7.1366119384765625,1.7362332344055176,0,1,6118.7265625,3198.7265625,0.0
2097,historical,15005,Kalawao,,26.35213279724121,21.755874633789062,29.363632202148438,7.607757568359375,1.7778412103652954,0,0,5968.5283203125,3048.528564453125,0.0
2098,historical,15005,Kalawao,,26.662567138671875,22.905242919921875,29.630035400390625,6.72479248046875,1.7036863565444946,0,0,6081.8369140625,3161.8369140625,0.0
2099,historical,15005,Kalawao,,27.71463966369629,23.395416259765625,32.04051208496094,8.645095825195312,1.982706069946289,0,43,6465.84423828125,3545.843994140625,0.0
2100,historical,15005,Kalawao,,26.314634323120117,22.875503540039062,29.311981201171875,6.4364776611328125,1.7160841226577759,0,0,5954.8427734375,3034.8427734375,0.0
2015,historical,15007,Kauai,,24.677276611328125,20.065053939819336,26.901611328125,6.836557388305664,1.3434808254241943,0,0,5357.2060546875,2437.205810546875,0.0
2016,historical,15007,Kauai,,24.62428855895996,20.64027976989746,27.095462799072266,6.455183029174805,1.2912402153015137,0,0,5337.86669921875,2417.8662109375,0.0
2017,historical,15007,Kauai,,24.652814865112305,19.58663558959961,27.099552154541016,7.512916564941406,1.6890065670013428,0,0,5348.27734375,2428.27734375,0.0
2018,historical,15007,Kauai,,24.96584701538086,20.769487380981445,27.294565200805664,6.525077819824219,1.2702730894088745,0,0,5462.533203125,2542.533447265625,0.0
2019,historical,15007,Kauai,,24.49285125732422,19.479896545410156,27.12268829345703,7.642791748046875,1.797132134437561,0,0,5289.8916015625,2369.8916015625,0.0
2020,historical,15007,Kauai,,24.83849334716797,21.35112190246582,27.83774757385254,6.486625671386719,1.1849925518035889,0,0,5416.0498046875,2496.0498046875,0.0
2021,historical,15007,Kauai,,24.699914932250977,19.996381759643555,26.99943733215332,7.003055572509766,1.3905848264694214,0,0,5365.46826171875,2445.46826171875,0.0
2022,historical,15007,Kauai,,23.94102668762207,19.34461784362793,25.967201232910156,6.622583389282227,1.423365831375122,0,0,5088.474609375,2168.474609375,0.0
2023,historical,15007,Kauai,,23.93963050842285,21.46782684326172,25.470497131347656,4.0026702880859375,0.9962743520736694,0,0,5087.9638671875,2167.964111328125,0.0
2024,historical,15007,Kauai,,23.661869049072266,20.604522705078125,25.35818862915039,4.753665924072266,0.9850953817367554,0,0,4986.58203125,2066.582275390625,0.0
2025,historical,15007,Kauai,,24.11577033996582,20.01268768310547,26.79926300048828,6.7865753173828125,1.4104951620101929,0,0,5152.255859375,2232.25634765625,0.0
2026,historical,15007,Kauai,,23.624340057373047,20.966169357299805,25.237831115722656,4.271661758422852,0.8972082734107971,0,0,4972.88330078125,2052.883544921875,0.0
2027,historical,15007,Kauai,,24.3359317779541,20.12755012512207,27.12917137145996,7.001621246337891,1.600817084312439,0,0,5232.615234375,2312.61572265625,0.0
2028,historical,15007,Kauai,,23.95415496826172,19.844675064086914,26.521785736083984,6.67711067199707,1.4766883850097656,0,0,5093.26708984375,2173.267333984375,0.0
2029,historical,15007,Kauai,,23.998586654663086,19.706459045410156,26.19388771057129,6.487428665161133,1.3610032796859741,0,0,5109.484375,2189.484375,0.0
2030,historical,15007,Kauai,,24.20148468017578,21.379329681396484,25.559383392333984,4.1800537109375,0.8088258504867554,0,0,5183.54296875,2263.54248046875,0.0
2031,historical,15007,Kauai,,24.420591354370117,20.867332458496094,26.826744079589844,5.95941162109375,1.4351850748062134,0,0,5263.515625,2343.515625,0.0
2032,historical,15007,Kauai,,24.762371063232422,20.773277282714844,26.98909568786621,6.215818405151367,1.2967787981033325,0,0,5388.26708984375,2468.2666015625,0.0
2033,historical,15007,Kauai,,24.7706356048584,21.073883056640625,27.521602630615234,6.447719573974609,1.4144867658615112,0,0,5391.283203125,2471.283203125,0.0
2034,historical,15007,Kauai,,24.66033363342285,20.99667739868164,27.39750862121582,6.40083122253418,1.5196194648742676,0,0,5351.0205078125,2431.0205078125,0.0
2035,historical,15007,Kauai,,24.534080505371094,21.48207664489746,26.44860076904297,4.966524124145508,1.0533578395843506,0,0,5304.93896484375,2384.939453125,0.0
2036,historical,15007,Kauai,,25.158470153808594,22.15068817138672,27.25345230102539,5.102764129638672,1.100513219833374,0,0,5532.841796875,2612.84228515625,0.0
2037,historical,15007,Kauai,,24.46188735961914,21.009395599365234,26.306949615478516,5.297554016113281,1.1389973163604736,0,0,5278.5888671875,2358.589111328125,0.0
2038,historical,15007,Kauai,,24.154756546020508,20.226369857788086,26.497310638427734,6.270940780639648,1.3210901021957397,0,0,5166.486328125,2246.48583984375,0.0
2039,historical,15007,Kauai,,23.626216888427734,19.105661392211914,25.835893630981445,6.730232238769531,1.1864386796951294,0,0,4973.56982421875,2053.56982421875,0.0
2040,historical,15007,Kauai,,24.504596710205078,19.78304100036621,26.90982437133789,7.12678337097168,1.6771994829177856,0,0,5294.177734375,2374.17822265625,0.0
2041,historical,15007,Kauai,,25.61457061767578,22.407127380371094,28.177682876586914,5.77055549621582,1.4128127098083496,0,0,5699.31787109375,2779.31787109375,0.0
2042,historical,15007,Kauai,,24.915416717529297,21.432987213134766,27.575124740600586,6.14213752746582,1.3988418579101562,0,0,5444.12744140625,2524.12744140625,0.0
2043,historical,15007,Kauai,,24.999267578125,20.64430809020996,27.55191421508789,6.90760612487793,1.6282823085784912,0,0,5474.732421875,2554.732421875,0.0
2044,historical,15007,Kauai,,25.31878662109375,20.97420883178711,27.12871551513672,6.154506683349609,1.111314058303833,0,0,5591.35791015625,2671.358154296875,0.0
2045,historical,15007,Kauai,,25.217647552490234,22.32379150390625,27.119184494018555,4.795392990112305,1.0172536373138428,0,0,5554.4423828125,2634.442138671875,0.0
2046,historical,15007,Kauai,,24.92943572998047,21.277828216552734,27.20989227294922,5.932064056396484,1.2647229433059692,0,0,5449.24462890625,2529.24462890625,0.0
2047,historical,15007,Kauai,,25.395837783813477,20.869314193725586,28.08595085144043,7.216636657714844,1.698163390159607,0,0,5619.48046875,2699.48046875,0.0
2048,historical,15007,Kauai,,25.930500030517578,21.92779541015625,28.464500427246094,6.536705017089844,1.5528455972671509,0,0,5814.63330078125,2894.63330078125,0.0
2049,historical,15007,Kauai,,25.669729232788086,21.906856536865234,28.976966857910156,7.070110321044922,1.6738864183425903,0,0,5719.4521484375,2799.451904296875,0.0
2050,historical,15007,Kauai,,25.592636108398438,19.746036529541016,28.372915267944336,8.62687873840332,1.9269928932189941,0,0,5691.31298828125,2771.31298828125,0.0
2051,historical,15007,Kauai,,26.77240562438965,22.09895896911621,28.86810302734375,6.769144058227539,1.3572789430618286,0,0,6121.927734375,3201.927734375,0.0
2052,historical,15007,Kauai,,26.079593658447266,22.607797622680664,28.29148292541504,5.683685302734375,1.2922241687774658,0,0,5869.0517578125,2949.051513671875,0.0
2053,historical,15007,Kauai,,26.01399803161621,21.25841522216797,29.432472229003906,8.174057006835938,1.9780194759368896,0,0,5845.1083984375,2925.108642578125,0.0
2054,historical,15007,Kauai,,25.82327651977539,21.58898162841797,28.482099533081055,6.893117904663086,1.6741158962249756,0,0,5775.49609375,2855.495849609375,0.0
2055,historical,15007,Kauai,,26.378082275390625,22.20465087890625,29.15935516357422,6.954704284667969,1.794299602508545,0,0,5977.9990234375,3057.9990234375,0.0
2056,historical,15007,Kauai,,25.79688262939453,20.77692985534668,28.557151794433594,7.780221939086914,1.6589763164520264,0,0,5765.8623046875,2845.8623046875,0.0
2057,historical,15007,Kauai,,25.903268814086914,22.32175064086914,28.420053482055664,6.098302841186523,1.347025990486145,0,0,5804.69384765625,2884.69384765625,0.0
2058,historical,15007,Kauai,,24.81600570678711,21.67098617553711,27.00575065612793,5.33476448059082,1.0899062156677246,0,0,5407.841796875,2487.841796875,0.0
2059,historical,15007,Kauai,,25.555742263793945,21.366783142089844,27.894161224365234,6.527378082275391,1.4257479906082153,0,0,5677.845703125,2757.845947265625,0.0
2060,historical,15007,Kauai,,25.701663970947266,20.93132781982422,28.50056266784668,7.569234848022461,1.5119142532348633,0,0,5731.1083984375,2811.1083984375,0.0
2061,historical,15007,Kauai,,25.891939163208008,20.34749984741211,29.13051986694336,8.78302001953125,1.8180569410324097,0,0,5800.5576171875,2880.55810546875,0.0
2062,historical,15007,Kauai,,25.7581729888916,20.69606590270996,28.256540298461914,7.560474395751953,1.6776069402694702,0,0,5751.7333984375,2831.733642578125,0.0
2063,historical,15007,Kauai,,26.409072875976562,21.871803283691406,28.395647048950195,6.523843765258789,1.4182907342910767,0,0,5989.3115234375,3069.3115234375,0.0
2064,historical,15007,Kauai,,25.994998931884766,23.441755294799805,28.44866180419922,5.006906509399414,1.273219347000122,0,0,5838.1748046875,2918.1748046875,0.0
2065,historical,15007,Kauai,,25.657512664794922,21.41081428527832,28.907230377197266,7.496416091918945,1.6588923931121826,0,0,5714.9921875,2794.9921875,0.0
2066,historical,15007,Kauai,,25.772714614868164,20.78135871887207,28.845821380615234,8.064462661743164,1.9501899480819702,0,0,5757.04052734375,2837.040771484375,0.0
2067,historical,15007,Kauai,,25.953258514404297,20.94066047668457,29.047576904296875,8.106916427612305,1.8648648262023926,0,0,5822.939453125,2902.939453125,0.0
2068,historical,15007,Kauai,,26.492198944091797,21.640451431274414,29.156667709350586,7.516216278076172,1.5095890760421753,0,0,6019.65234375,3099.652587890625,0.0
2069,historical,15007,Kauai,,26.20051383972168,22.06740951538086,29.75339698791504,7.68598747253418,2.106213331222534,0,0,5913.1865234375,2993.18701171875,0.0
2070,historical,15007,Kauai,,25.698083877563477,20.813385009765625,28.619550704956055,7.80616569519043,1.7607513666152954,0,0,5729.80078125,2809.80078125,0.0
2071,historical,15007,Kauai,,27.072307586669922,21.807865142822266,30.774240493774414,8.966375350952148,1.9575598239898682,0,14,6231.392578125,3311.392578125,0.0
2072,historical,15007,Kauai,,26.112836837768555,21.484466552734375,29.413997650146484,7.929531097412109,2.0978729724884033,0,0,5881.1845703125,2961.18505859375,0.0
2073,historical,15007,Kauai,,26.51610565185547,22.673322677612305,29.13920021057129,6.465877532958984,1.5171562433242798,0,0,6028.3798828125,3108.3798828125,0.0
2074,historical,15007,Kauai,,26.764741897583008,22.79877471923828,29.639177322387695,6.840402603149414,1.7013014554977417,0,0,6119.130859375,3199.130859375,0.0
2075,historical,15007,Kauai,,27.045312881469727,23.77932357788086,29.977731704711914,6.198408126831055,1.5218430757522583,0,0,6221.5400390625,3301.53955078125,0.0
2076,historical,15007,Kauai,,26.069414138793945,21.93002700805664,28.274478912353516,6.344451904296875,1.4188228845596313,0,0,5865.3359375,2945.336181640625,0.0
2077,historical,15007,Kauai,,26.434947967529297,23.026601791381836,28.884565353393555,5.857963562011719,1.3737914562225342,0,0,5998.75537109375,3078.755859375,0.0
2078,historical,15007,Kauai,,26.40723991394043,22.609968185424805,28.48914337158203,5.879175186157227,1.1144952774047852,0,0,5988.642578125,3068.642822265625,0.0
2079,historical,15007,Kauai,,26.715486526489258,23.884721755981445,29.423784255981445,5.5390625,1.293967843055725,0,0,6101.15185546875,3181.15185546875,0.0
2080,historical,15007,Kauai,,25.990495681762695,22.076385498046875,29.12749481201172,7.051109313964844,1.8681086301803589,0,0,5836.53125,2916.531494140625,0.0
2081,historical,15007,Kauai,,26.988130569458008,22.095829010009766,30.544660568237305,8.448831558227539,2.076871633529663,0,9,6200.66796875,3280.66796875,0.0
2082,historical,15007,Kauai,,27.319263458251953,22.89161491394043,30.09499740600586,7.20338249206543,1.7184858322143555,0,2,6321.53125,3401.53125,0.0
2083,historical,15007,Kauai,,27.255592346191406,22.86452293395996,30.41391944885254,7.549396514892578,1.9946931600570679,0,23,6298.29150390625,3378.291259765625,0.0
2084,historical,15007,Kauai,,27.23727035522461,22.44412612915039,30.04144287109375,7.597316741943359,1.7887787818908691,0,1,6291.6044921875,3371.6044921875,0.0
2085,historical,15007,Kauai,,27.34786033630371,21.45358657836914,29.992652893066406,8.539066314697266,1.5465868711471558,0,0,6331.96875,3411.968505859375,0.0
2086,historical,15007,Kauai,,26.84334373474121,22.934288024902344,29.103769302368164,6.16948127746582,1.3755038976669312,0,0,6147.8203125,3227.8203125,0.0
2087,historical,15007,Kauai,,27.655040740966797,23.018911361694336,30.87598419189453,7.857072830200195,1.7614701986312866,0,28,6444.0908203125,3524.090576171875,0.0
2088,historical,15007,Kauai,,27.241146087646484,22.792503356933594,30.574039459228516,7.781536102294922,1.9254590272903442,0,14,6293.017578125,3373.017822265625,0.0
2089,historical,15007,Kauai,,26.83892822265625,21.245880126953125,30.088361740112305,8.84248161315918,2.167368173599243,0,2,6146.2080078125,3226.208251953125,0.0
2090,historical,15007,Kauai,,27.903644561767578,25.348318099975586,30.34552764892578,4.997209548950195,1.2126787900924683,0,9,6534.83056640625,3614.83056640625,0.0
2091,historical,15007,Kauai,,27.668428421020508,24.130903244018555,30.065996170043945,5.935092926025391,1.4541679620742798,0,2,6448.97705078125,3528.976806640625,0.0
2092,historical,15007,Kauai,,26.787885665893555,22.348825454711914,29.83767318725586,7.488847732543945,1.6941907405853271,0,0,6127.578125,3207.577880859375,0.0
2093,historical,15007,Kauai,,26.26433563232422,22.478445053100586,28.58733367919922,6.108888626098633,1.4645307064056396,0,0,5936.4814453125,3016.4814453125,0.0
2094,historical,15007,Kauai,,26.724882125854492,22.867387771606445,28.975629806518555,6.108242034912109,1.3735311031341553,0,0,6104.58203125,3184.58251953125,0.0
2095,historical,15007,Kauai,,27.284000396728516,24.234872817993164,29.67319107055664,5.438318252563477,1.346355676651001,0,0,6308.6591796875,3388.659423828125,0.0
2096,historical,15007,Kauai,,26.995847702026367,22.79966163635254,30.13806915283203,7.338407516479492,1.7058637142181396,0,3,6203.484375,3283.48388671875,0.0
2097,historical,15007,Kauai,,26.726428985595703,22.126529693603516,29.63113021850586,7.504600524902344,1.7352969646453857,0,0,6105.14697265625,3185.147216796875,0.0
2098,historical,15007,Kauai,,27.129661560058594,23.48611831665039,29.95413589477539,6.468017578125,1.6424362659454346,0,0,6252.326171875,3332.32666015625,0.0
2099,historical,15007,Kauai,,27.725696563720703,23.891530990600586,31.27751350402832,7.385982513427734,1.7951956987380981,0,36,6469.87890625,3549.87939453125,0.0
2100,historical,15007,Kauai,,26.718265533447266,23.597450256347656,29.50823211669922,5.9107818603515625,1.5713142156600952,0,0,6102.16650390625,3182.16650390625,0.0
2015,historical,15009,Maui,,23.92340087890625,19.731327056884766,26.348657608032227,6.617330551147461,1.225976586341858,0,0,5082.0419921875,2162.0419921875,0.0
2016,historical,15009,Maui,,23.8701229095459,19.449350357055664,26.353395462036133,6.904045104980469,1.306156873703003,0,0,5062.59375,2142.59375,0.0
2017,historical,15009,Maui,,23.946550369262695,19.506916046142578,26.332008361816406,6.825092315673828,1.6317927837371826,0,0,5090.490234375,2170.49072265625,0.0
2018,historical,15009,Maui,,24.02840805053711,20.182588577270508,26.60587501525879,6.423286437988281,1.1160330772399902,0,0,5120.3701171875,2200.36962890625,0.0
2019,historical,15009,Maui,,23.638795852661133,18.966175079345703,26.504976272583008,7.538801193237305,1.8670300245285034,0,0,4978.16064453125,2058.16064453125,0.0
2020,historical,15009,Maui,,24.343420028686523,21.006103515625,27.317792892456055,6.311689376831055,1.2602617740631104,0,0,5235.3486328125,2315.3486328125,0.0
2021,historical,15009,Maui,,24.228544235229492,19.305246353149414,26.450374603271484,7.14512825012207,1.3966395854949951,0,0,5193.4189453125,2273.419189453125,0.0
2022,historical,15009,Maui,,23.198434829711914,18.927331924438477,25.348018646240234,6.420686721801758,1.354060173034668,0,0,4817.4287109375,1897.4287109375,0.0
2023,historical,15009,Maui,,22.671634674072266,19.837200164794922,24.16736602783203,4.330165863037109,0.9882772564888,0,0,4625.146484375,1705.1463623046875,0.0
2024,historical,15009,Maui,,22.643884658813477,20.003103256225586,24.773096084594727,4.769992828369141,0.9956686496734619,0,0,4615.0185546875,1695.0181884765625,0.0
2025,historical,15009,Maui,,23.172626495361328,18.70366859436035,26.26028823852539,7.556619644165039,1.4794386625289917,0,0,4808.0087890625,1888.0086669921875,0.0
2026,historical,15009,Maui,,22.509654998779297,19.624174118041992,24.231237411499023,4.607063293457031,0.9231473207473755,0,0,4566.02392578125,1646.0240478515625,0.0
2027,historical,15009,Maui,,23.576332092285156,19.885990142822266,26.403532028198242,6.517541885375977,1.5829167366027832,0,0,4955.3603515625,2035.3609619140625,0.0
2028,historical,15009,Maui,,23.078630447387695,19.55381965637207,25.75118064880371,6.197360992431641,1.5118417739868164,0,0,4773.7001953125,1853.7003173828125,0.0
2029,historical,15009,Maui,,23.02891731262207,19.27411460876465,25.345882415771484,6.071767807006836,1.3116549253463745,0,0,4755.5537109375,1835.55419921875,0.0
2030,historical,15009,Maui,,23.133756637573242,20.188060760498047,24.857023239135742,4.668962478637695,0.8573474287986755,0,0,4793.8203125,1873.820556640625,0.0
2031,historical,15009,Maui,,23.683813095092773,19.99179458618164,26.146745681762695,6.154951095581055,1.5415648221969604,0,0,4994.59228515625,2074.59228515625,0.0
2032,historical,15009,Maui,,23.900564193725586,19.958370208740234,26.259864807128906,6.301494598388672,1.2537463903427124,0,0,5073.70556640625,2153.70556640625,0.0
2033,historical,15009,Maui,,23.87535285949707,20.804208755493164,26.75996208190918,5.955753326416016,1.4709211587905884,0,0,5064.50341796875,2144.50341796875,0.0
2034,historical,15009,Maui,,23.754350662231445,20.215002059936523,27.083850860595703,6.86884880065918,1.6111669540405273,0,0,5020.33740234375,2100.33740234375,0.0
2035,historical,15009,Maui,,23.60818099975586,20.218687057495117,25.2574462890625,5.038759231567383,1.0312836170196533,0,0,4966.986328125,2046.986328125,0.0
2036,historical,15009,Maui,,24.569477081298828,21.685033798217773,26.595783233642578,4.910749435424805,1.0940539836883545,0,0,5317.8603515625,2397.860107421875,0.0
2037,historical,15009,Maui,,23.694486618041992,19.9066104888916,25.765228271484375,5.858617782592773,1.2177300453186035,0,0,4998.4873046875,2078.4873046875,0.0
2038,historical,15009,Maui,,23.24736785888672,19.46517562866211,25.715431213378906,6.250255584716797,1.2226011753082275,0,0,4835.28857421875,1915.28857421875,0.0
2039,historical,15009,Maui,,22.66579818725586,18.660165786743164,24.95535659790039,6.295190811157227,1.1604571342468262,0,0,4623.0166015625,1703.016357421875,0.0
2040,historical,15009,Maui,,23.72943115234375,18.524843215942383,25.980281829833984,7.455438613891602,1.6378194093704224,0,0,5011.2431640625,2091.2431640625,0.0
2041,historical,15009,Maui,,24.923423767089844,21.571136474609375,27.845109939575195,6.27397346496582,1.4342174530029297,0,0,5447.0498046875,2527.0498046875,0.0
2042,historical,15009,Maui,,24.274089813232422,20.763444900512695,27.534208297729492,6.770763397216797,1.575675129890442,0,0,5210.04248046875,2290.04248046875,0.0
2043,historical,15009,Maui,,24.149694442749023,19.71258544921875,26.724550247192383,7.011964797973633,1.639180064201355,0,0,5164.638671875,2244.63916015625,0.0
2044,historical,15009,Maui,,24.405073165893555,20.74152946472168,26.630529403686523,5.888999938964844,1.0400197505950928,0,0,5257.8515625,2337.85107421875,0.0
2045,historical,15009,Maui,,24.273897171020508,21.206083297729492,26.21714210510254,5.011058807373047,1.0661201477050781,0,0,5209.97314453125,2289.97314453125,0.0
2046,historical,15009,Maui,,24.116840362548828,20.766725540161133,26.615041732788086,5.848316192626953,1.28258216381073,0,0,5152.64599609375,2232.64599609375,0.0
2047,historical,15009,Maui,,24.542085647583008,20.11823272705078,27.357667922973633,7.239435195922852,1.6329684257507324,0,0,5307.86181640625,2387.86181640625,0.0
2048,historical,15009,Maui,,25.15673065185547,21.653051376342773,27.879676818847656,6.226625442504883,1.501572608947754,0,0,5532.20703125,2612.207275390625,0.0
2049,historical,15009,Maui,,24.91875457763672,21.329906463623047,29.76028060913086,8.430374145507812,1.7779650688171387,0,0,5445.3447265625,2525.344970703125,0.0
2050,historical,15009,Maui,,24.839597702026367,19.433067321777344,27.470355987548828,8.037288665771484,1.887123703956604,0,0,5416.453125,2496.453125,0.0
2051,historical,15009,Maui,,26.126529693603516,22.031763076782227,28.061603546142578,6.029840469360352,1.2019954919815063,0,0,5886.18359375,2966.18359375,0.0
2052,historical,15009,Maui,,25.297245025634766,21.310691833496094,27.30401039123535,5.993318557739258,1.2299273014068604,0,0,5583.494140625,2663.493896484375,0.0
2053,historical,15009,Maui,,25.478593826293945,20.570350646972656,29.15949058532715,8.589139938354492,2.0693140029907227,0,0,5649.6865234375,2729.68701171875,0.0
2054,historical,15009,Maui,,25.05296516418457,21.460681915283203,27.797828674316406,6.337146759033203,1.567434549331665,0,0,5494.33154296875,2574.33154296875,0.0
2055,historical,15009,Maui,,25.77597427368164,21.540802001953125,28.557750701904297,7.016948699951172,1.6791949272155762,0,0,5758.23046875,2838.23046875,0.0
2056,historical,15009,Maui,,25.10374641418457,20.304216384887695,28.091449737548828,7.787233352661133,1.7173840999603271,0,0,5512.8681640625,2592.867919921875,0.0
2057,historical,15009,Maui,,25.11480712890625,21.245792388916016,27.821149826049805,6.575357437133789,1.373661756515503,0,0,5516.9033203125,2596.903564453125,0.0
2058,historical,15009,Maui,,23.832677841186523,20.630300521850586,25.594449996948242,4.964149475097656,1.034721851348877,0,0,5048.927734375,2128.92822265625,0.0
2059,historical,15009,Maui,,24.637210845947266,20.063024520874023,26.968963623046875,6.905939102172852,1.3570482730865479,0,0,5342.58154296875,2422.581787109375,0.0
2060,historical,15009,Maui,,25.05148696899414,20.74479103088379,28.19394302368164,7.449151992797852,1.597826600074768,0,0,5493.79296875,2573.79296875,0.0
2061,historical,15009,Maui,,25.477680206298828,20.441871643066406,29.638456344604492,9.196584701538086,1.8109499216079712,0,0,5649.35400390625,2729.353759765625,0.0
2062,historical,15009,Maui,,24.795574188232422,20.2054386138916,27.2583065032959,7.052867889404297,1.6466388702392578,0,0,5400.384765625,2480.385009765625,0.0
2063,historical,15009,Maui,,25.54892349243164,21.748144149780273,27.53658676147461,5.788442611694336,1.3402364253997803,0,0,5675.357421875,2755.35791015625,0.0
2064,historical,15009,Maui,,25.019676208496094,22.331764221191406,27.565147399902344,5.2333831787109375,1.2866151332855225,0,0,5482.18212890625,2562.181640625,0.0
2065,historical,15009,Maui,,24.696361541748047,20.476675033569336,28.162134170532227,7.685459136962891,1.6382081508636475,0,0,5364.17236328125,2444.17236328125,0.0
2066,historical,15009,Maui,,24.9478816986084,20.386451721191406,28.103925704956055,7.717473983764648,1.9181225299835205,0,0,5455.9755859375,2535.9755859375,0.0
2067,historical,15009,Maui,,25.062837600708008,20.434457778930664,28.178722381591797,7.744264602661133,1.7972171306610107,0,0,5497.9345703125,2577.93505859375,0.0
2068,historical,15009,Maui,,25.853242874145508,21.25026512145996,28.387245178222656,7.136980056762695,1.4497392177581787,0,0,5786.43310546875,2866.433349609375,0.0
2069,historical,15009,Maui,,25.689565658569336,21.69545555114746,29.369720458984375,7.674264907836914,1.9840422868728638,0,0,5726.69091796875,2806.691162109375,0.0
2070,historical,15009,Maui,,24.990646362304688,20.314594268798828,27.928640365600586,7.614046096801758,1.7026383876800537,0,0,5471.5859375,2551.586181640625,0.0
2071,historical,15009,Maui,,26.489063262939453,21.924253463745117,30.37021827697754,8.445964813232422,1.8723335266113281,0,4,6018.5068359375,3098.50732421875,0.0
2072,historical,15009,Maui,,25.392597198486328,20.47825813293457,28.762081146240234,8.283823013305664,2.0983738899230957,0,0,5618.29833984375,2698.29833984375,0.0
2073,historical,15009,Maui,,25.698545455932617,21.72637176513672,28.417760848999023,6.691389083862305,1.491289496421814,0,0,5729.9697265625,2809.969482421875,0.0
2074,historical,15009,Maui,,26.201292037963867,22.014707565307617,28.98859214782715,6.973884582519531,1.6411786079406738,0,0,5913.4716796875,2993.471923828125,0.0
2075,historical,15009,Maui,,26.4212703704834,22.89751434326172,29.236204147338867,6.338689804077148,1.4645943641662598,0,0,5993.7626953125,3073.76318359375,0.0
2076,historical,15009,Maui,,24.959070205688477,21.107643127441406,27.4420223236084,6.334379196166992,1.447988748550415,0,0,5460.06103515625,2540.061279296875,0.0
2077,historical,15009,Maui,,25.288211822509766,21.279508590698242,27.871946334838867,6.592437744140625,1.4973987340927124,0,0,5580.19677734375,2660.19677734375,0.0
2078,historical,15009,Maui,,25.48491096496582,21.600614547729492,27.49249267578125,5.891878128051758,1.1478586196899414,0,0,5651.99267578125,2731.99267578125,0.0
2079,historical,15009,Maui,,25.758289337158203,22.959442138671875,28.614046096801758,5.654603958129883,1.2752882242202759,0,0,5751.775390625,2831.775390625,0.0
2080,historical,15009,Maui,,25.128307342529297,21.47054100036621,28.435060501098633,6.964519500732422,1.8767133951187134,0,0,5521.83251953125,2601.832275390625,0.0
2081,historical,15009,Maui,,26.185298919677734,21.361276626586914,29.960262298583984,8.59898567199707,2.140150308609009,0,0,5907.634765625,2987.63427734375,0.0
2082,historical,15009,Maui,,27.010616302490234,22.71575164794922,29.63829231262207,6.922540664672852,1.6334794759750366,0,0,6208.875,3288.875,0.0
2083,historical,15009,Maui,,26.659570693969727,22.327747344970703,29.757062911987305,7.429315567016602,1.931764841079712,0,0,6080.74267578125,3160.742919921875,0.0
2084,historical,15009,Maui,,26.17644500732422,21.82653045654297,29.122888565063477,7.296358108520508,1.839625597000122,0,0,5904.40283203125,2984.40283203125,0.0
2085,historical,15009,Maui,,26.295333862304688,21.13950538635254,29.13759994506836,7.99809455871582,1.479479193687439,0,0,5947.7978515625,3027.798095703125,0.0
2086,historical,15009,Maui,,25.90646743774414,21.330013275146484,28.290618896484375,6.960605621337891,1.4973015785217285,0,0,5805.859375,2885.859619140625,0.0
2087,historical,15009,Maui,,26.980228424072266,21.52943229675293,29.89044761657715,8.361015319824219,1.7891294956207275,0,0,6197.783203125,3277.783203125,0.0
2088,historical,15009,Maui,,26.636619567871094,22.421634674072266,29.86493682861328,7.443302154541016,1.8068723678588867,0,0,6072.3662109375,3152.3662109375,0.0
2089,historical,15009,Maui,,26.144643783569336,20.92021369934082,29.626615524291992,8.706401824951172,2.1989850997924805,0,0,5892.79541015625,2972.79541015625,0.0
2090,historical,15009,Maui,,27.063743591308594,24.340906143188477,29.566015243530273,5.225109100341797,1.214153528213501,0,0,6228.2666015625,3308.2666015625,0.0
2091,historical,15009,Maui,,27.236478805541992,23.97477149963379,29.6426944732666,5.6679229736328125,1.4489117860794067,0,0,6291.3154296875,3371.3154296875,0.0
2092,historical,15009,Maui,,26.03594207763672,21.950641632080078,29.28822898864746,7.337587356567383,1.6874536275863647,0,0,5853.11962890625,2933.11962890625,0.0
2093,historical,15009,Maui,,25.18207359313965,21.160125732421875,27.613821029663086,6.453695297241211,1.4637614488601685,0,0,5541.4560546875,2621.456298828125,0.0
2094,historical,15009,Maui,,25.52444839477539,21.747346878051758,28.095287322998047,6.347940444946289,1.4593225717544556,0,0,5666.42333984375,2746.423828125,0.0
2095,historical,15009,Maui,,26.60940170288086,23.276350021362305,29.103120803833008,5.826770782470703,1.3367184400558472,0,0,6062.431640625,3142.43115234375,0.0
2096,historical,15009,Maui,,26.2601375579834,22.606327056884766,29.386884689331055,6.780557632446289,1.6465303897857666,0,0,5934.94921875,3014.949462890625,0.0
2097,historical,15009,Maui,,25.825641632080078,21.567289352416992,28.74445343017578,7.177164077758789,1.6807318925857544,0,0,5776.35888671875,2856.35888671875,0.0
2098,historical,15009,Maui,,26.105669021606445,22.57120704650879,28.99755859375,6.426351547241211,1.6087796688079834,0,0,5878.56884765625,2958.5693359375,0.0
2099,historical,15009,Maui,,27.19533920288086,23.14597511291504,31.335845947265625,8.189870834350586,1.867329478263855,0,21,6276.2998046875,3356.29931640625,0.0
2100,historical,15009,Maui,,25.77964973449707,22.459627151489258,28.736520767211914,6.276893615722656,1.6341160535812378,0,0,5759.5732421875,2839.5732421875,0.0
2015,historical,15001,Hawaii,,21.559757232666016,18.139432907104492,23.73784637451172,5.598413467407227,1.0451490879058838,0,0,4219.3115234375,1299.311767578125,0.0
2016,historical,15001,Hawaii,,21.545032501220703,17.195419311523438,23.708206176757812,6.512786865234375,1.178299903869629,0,0,4213.9365234375,1295.190673828125,1.2537651062011719
2017,historical,15001,Hawaii,,21.57390022277832,17.388378143310547,23.7370548248291,6.348676681518555,1.4279476404190063,0,0,4224.4736328125,1305.47119140625,0.997833251953125
2018,historical,15001,Hawaii,,21.42667579650879,18.167072296142578,23.6387882232666,5.471715927124023,0.9007760286331177,0,0,4170.73681640625,1250.73681640625,0.0
2019,historical,15001,Hawaii,,21.205623626708984,16.957433700561523,23.860883712768555,6.903450012207031,1.6936917304992676,0,0,4090.052734375,1173.71923828125,3.666351318359375
2020,historical,15001,Hawaii,,22.04855728149414,18.793535232543945,24.395912170410156,5.602376937866211,1.1407694816589355,0,0,4397.7236328125,1477.7236328125,0.0
2021,historical,15001,Hawaii,,21.972129821777344,17.341829299926758,24.12841796875,6.786588668823242,1.206938624382019,0,0,4369.8271484375,1450.947998046875,1.1209754943847656
2022,historical,15001,Hawaii,,20.87331199645996,17.099876403808594,22.72127914428711,5.621402740478516,1.17169189453125,0,0,3968.758544921875,1052.02099609375,3.2627010345458984
2023,historical,15001,Hawaii,,20.10987091064453,17.395177841186523,21.50638198852539,4.111204147338867,0.8432576656341553,0,0,3690.1025390625,772.060791015625,1.957986831665039
2024,historical,15001,Hawaii,,20.255064010620117,17.684404373168945,22.35770034790039,4.673295974731445,0.8652429580688477,0,0,3743.0986328125,823.4141845703125,0.3155956268310547
2025,historical,15001,Hawaii,,20.675247192382812,16.355615615844727,23.511943817138672,7.156328201293945,1.3038969039916992,0,0,3896.46533203125,980.759521484375,4.2944183349609375
2026,historical,15001,Hawaii,,20.08179473876953,17.591754913330078,21.794727325439453,4.202972412109375,0.8575407266616821,0,0,3679.85498046875,761.0655517578125,1.2104301452636719
2027,historical,15001,Hawaii,,21.19913101196289,17.660694122314453,24.087791442871094,6.427097320556641,1.3810526132583618,0,0,4087.68310546875,1168.70947265625,1.0261402130126953
2028,historical,15001,Hawaii,,20.612150192260742,17.72237205505371,23.069927215576172,5.347555160522461,1.3842509984970093,0,0,3873.43408203125,954.091064453125,0.6569309234619141
2029,historical,15001,Hawaii,,20.532699584960938,17.490266799926758,22.737123489379883,5.246856689453125,1.1580015420913696,0,0,3844.435546875,927.134521484375,2.698871612548828
2030,historical,15001,Hawaii,,20.625165939331055,17.419527053833008,22.375083923339844,4.955556869506836,0.796772837638855,0,0,3878.185546875,958.7659912109375,0.5804729461669922
2031,historical,15001,Hawaii,,21.340463638305664,17.872684478759766,23.584705352783203,5.7120208740234375,1.398954153060913,0,0,4139.26953125,1219.590576171875,0.32110595703125
2032,historical,15001,Hawaii,,21.415632247924805,17.835966110229492,23.445005416870117,5.609039306640625,1.09915292263031,0,0,4166.70556640625,1247.0299072265625,0.32436561584472656
2033,historical,15001,Hawaii,,21.419113159179688,18.906471252441406,23.975605010986328,5.069133758544922,1.3099247217178345,0,0,4167.9765625,1247.976318359375,0.0
2034,historical,15001,Hawaii,,21.311830520629883,17.96605682373047,24.754037857055664,6.787981033325195,1.4957669973373413,0,0,4128.8173828125,1208.8514404296875,0.03394317626953125
2035,historical,15001,Hawaii,,21.1120662689209,17.899463653564453,22.981250762939453,5.081787109375,0.9586828351020813,0,0,4055.904052734375,1136.004638671875,0.10053634643554688
2036,historical,15001,Hawaii,,22.128183364868164,19.727806091308594,23.887964248657227,4.160158157348633,0.9206258058547974,0,0,4426.787109375,1506.78759765625,0.0
2037,historical,15001,Hawaii,,21.446613311767578,17.792245864868164,23.700708389282227,5.9084625244140625,1.1347249746322632,0,0,4178.013671875,1258.388671875,0.3747406005859375
2038,historical,15001,Hawaii,,20.893386840820312,17.395904541015625,23.111600875854492,5.715696334838867,1.092620611190796,0,0,3976.08642578125,1056.863525390625,0.7770824432373047
2039,historical,15001,Hawaii,,20.441551208496094,16.761838912963867,22.787748336791992,6.025909423828125,1.1397486925125122,0,0,3811.16552734375,895.8369140625,4.671306610107422
2040,historical,15001,Hawaii,,21.376157760620117,16.860435485839844,23.509370803833008,6.648935317993164,1.4178303480148315,0,0,4152.2978515625,1240.6136474609375,8.315807342529297
2041,historical,15001,Hawaii,,22.399660110473633,19.48978614807129,25.40045928955078,5.910673141479492,1.2669025659561157,0,0,4525.8759765625,1605.8760986328125,0.0
2042,historical,15001,Hawaii,,21.911266326904297,18.422853469848633,25.50116729736328,7.078313827514648,1.5100668668746948,0,0,4347.6123046875,1427.612060546875,0.0
2043,historical,15001,Hawaii,,21.648193359375,17.48914909362793,23.9597225189209,6.470573425292969,1.4521514177322388,0,0,4251.59033203125,1332.287109375,0.6969890594482422
2044,historical,15001,Hawaii,,21.915771484375,18.675325393676758,24.267797470092773,5.592472076416016,0.8419797420501709,0,0,4349.2568359375,1429.257080078125,0.0
2045,historical,15001,Hawaii,,21.87929916381836,18.968618392944336,23.706811904907227,4.738193511962891,0.9914103150367737,0,0,4335.9443359375,1415.9443359375,0.0
2046,historical,15001,Hawaii,,21.80398178100586,18.730369567871094,24.077587127685547,5.347217559814453,1.127414345741272,0,0,4308.453125,1388.453125,0.0
2047,historical,15001,Hawaii,,22.063671112060547,18.170156478881836,24.558155059814453,6.387998580932617,1.4382423162460327,0,0,4403.2412109375,1483.24072265625,0.0
2048,historical,15001,Hawaii,,22.709102630615234,19.27983856201172,25.516225814819336,6.236387252807617,1.296379804611206,0,0,4638.822265625,1718.822509765625,0.0
2049,historical,15001,Hawaii,,22.5218505859375,19.06328773498535,27.347612380981445,8.284324645996094,1.722060203552246,0,0,4570.4755859375,1650.4754638671875,0.0
2050,historical,15001,Hawaii,,22.361061096191406,17.418787002563477,24.89596176147461,7.477174758911133,1.7188717126846313,0,0,4511.78759765625,1592.368896484375,0.5812129974365234
2051,historical,15001,Hawaii,,23.493188858032227,20.33380889892578,25.274232864379883,4.940423965454102,1.001510739326477,0,0,4925.013671875,2005.0137939453125,0.0
2052,historical,15001,Hawaii,,22.854270935058594,18.982105255126953,24.705774307250977,5.723669052124023,1.1008875370025635,0,0,4691.80859375,1771.808837890625,0.0
2053,historical,15001,Hawaii,,23.210111618041992,18.694917678833008,26.652793884277344,7.957876205444336,1.8917975425720215,0,0,4821.6904296875,1901.68994140625,0.0
2054,historical,15001,Hawaii,,22.610897064208984,19.29094886779785,25.09030532836914,5.799356460571289,1.3723293542861938,0,0,4602.9775390625,1682.9775390625,0.0
2055,historical,15001,Hawaii,,23.29745864868164,19.35500717163086,25.689224243164062,6.334217071533203,1.341878890991211,0,0,4853.572265625,1933.5718994140625,0.0
2056,historical,15001,Hawaii,,22.746992111206055,18.205650329589844,25.4344482421875,7.228797912597656,1.6040016412734985,0,0,4652.65234375,1732.652099609375,0.0
2057,historical,15001,Hawaii,,22.681964874267578,19.313417434692383,25.192426681518555,5.879009246826172,1.2248488664627075,0,0,4628.9169921875,1708.916748046875,0.0
2058,historical,15001,Hawaii,,21.52614402770996,18.90888786315918,23.145118713378906,4.236230850219727,0.9494529366493225,0,0,4207.04248046875,1287.0423583984375,0.0
2059,historical,15001,Hawaii,,22.196577072143555,18.09359359741211,24.4643611907959,6.370767593383789,1.2177603244781494,0,0,4451.7509765625,1531.751220703125,0.0
2060,historical,15001,Hawaii,,22.782058715820312,19.04119300842285,25.773841857910156,6.732648849487305,1.4839054346084595,0,0,4665.451171875,1745.451416015625,0.0
2061,historical,15001,Hawaii,,23.23758888244629,18.773258209228516,27.421831130981445,8.64857292175293,1.6017589569091797,0,0,4831.7197265625,1911.719482421875,0.0
2062,historical,15001,Hawaii,,22.18680763244629,18.289634704589844,24.542152404785156,6.2525177001953125,1.5137856006622314,0,0,4448.18505859375,1528.1845703125,0.0
2063,historical,15001,Hawaii,,22.917558670043945,19.663440704345703,24.862958908081055,5.199518203735352,1.195427656173706,0,0,4714.91015625,1794.90966796875,0.0
2064,historical,15001,Hawaii,,22.542888641357422,19.915510177612305,25.01129722595215,5.095787048339844,1.2135053873062134,0,0,4578.154296875,1658.154541015625,0.0
2065,historical,15001,Hawaii,,22.261089324951172,18.669130325317383,25.724477767944336,7.055347442626953,1.5373984575271606,0,0,4475.2978515625,1555.297607421875,0.0
2066,historical,15001,Hawaii,,22.507482528686523,18.392654418945312,25.495067596435547,7.102413177490234,1.7229665517807007,0,0,4565.2314453125,1645.2314453125,0.0
2067,historical,15001,Hawaii,,22.623367309570312,18.307403564453125,25.527965545654297,7.220561981201172,1.6585421562194824,0,0,4607.529296875,1687.529296875,0.0
2068,historical,15001,Hawaii,,23.489212036132812,19.800729751586914,25.878440856933594,6.07771110534668,1.3039010763168335,0,0,4923.56298828125,2003.563232421875,0.0
2069,historical,15001,Hawaii,,23.420034408569336,19.89981460571289,26.534950256347656,6.635135650634766,1.713334321975708,0,0,4898.31201171875,1978.3123779296875,0.0
2070,historical,15001,Hawaii,,22.762941360473633,18.61094856262207,25.608261108398438,6.997312545776367,1.639845848083496,0,0,4658.47265625,1738.47314453125,0.0
2071,historical,15001,Hawaii,,24.03160285949707,20.023160934448242,27.134937286376953,7.111776351928711,1.6035658121109009,0,0,5121.53466796875,2201.5341796875,0.0
2072,historical,15001,Hawaii,,23.05318832397461,18.596677780151367,26.284526824951172,7.687849044799805,1.9857158660888672,0,0,4764.4140625,1844.4136962890625,0.0
2073,historical,15001,Hawaii,,23.234050750732422,19.47980308532715,25.895668029785156,6.415864944458008,1.3592424392700195,0,0,4830.4287109375,1910.4285888671875,0.0
2074,historical,15001,Hawaii,,23.85759925842285,19.823022842407227,26.522621154785156,6.69959831237793,1.4647002220153809,0,0,5058.02392578125,2138.024169921875,0.0
2075,historical,15001,Hawaii,,23.917078018188477,21.002840042114258,26.689889907836914,5.687049865722656,1.3111436367034912,0,0,5079.7333984375,2159.7333984375,0.0
2076,historical,15001,Hawaii,,22.36708641052246,18.834508895874023,24.709321975708008,5.874813079833984,1.3881702423095703,0,0,4513.9873046875,1593.9869384765625,0.0
2077,historical,15001,Hawaii,,22.693843841552734,18.834728240966797,25.217754364013672,6.383026123046875,1.4483551979064941,0,0,4633.2529296875,1713.2529296875,0.0
2078,historical,15001,Hawaii,,23.04264259338379,19.296009063720703,24.98291015625,5.686901092529297,1.1313718557357788,0,0,4760.564453125,1840.5643310546875,0.0
2079,historical,15001,Hawaii,,23.255388259887695,20.76327133178711,26.015790939331055,5.252519607543945,1.2087920904159546,0,0,4838.21630859375,1918.2164306640625,0.0
2080,historical,15001,Hawaii,,22.77159881591797,18.829326629638672,25.877199172973633,7.047872543334961,1.822330117225647,0,0,4661.63427734375,1741.6337890625,0.0
2081,historical,15001,Hawaii,,23.66120719909668,19.107030868530273,27.249849319458008,8.142818450927734,1.9668039083480835,0,0,4986.3408203125,2066.340576171875,0.0
2082,historical,15001,Hawaii,,24.704126358032227,20.490262985229492,26.971481323242188,6.481218338012695,1.413301944732666,0,0,5367.005859375,2447.006103515625,0.0
2083,historical,15001,Hawaii,,24.253826141357422,20.48055648803711,27.168535232543945,6.687978744506836,1.7302179336547852,0,0,5202.646484375,2282.64599609375,0.0
2084,historical,15001,Hawaii,,23.513521194458008,19.43982696533203,26.529619216918945,7.089792251586914,1.737542986869812,0,0,4932.4345703125,2012.434814453125,0.0
2085,historical,15001,Hawaii,,23.66165542602539,19.537824630737305,26.40648651123047,6.868661880493164,1.3999124765396118,0,0,4986.50390625,2066.50390625,0.0
2086,historical,15001,Hawaii,,23.52628517150879,19.40472984313965,25.85808563232422,6.45335578918457,1.453599452972412,0,0,4937.09423828125,2017.0943603515625,0.0
2087,historical,15001,Hawaii,,24.571208953857422,19.658340454101562,27.198198318481445,7.539857864379883,1.6074568033218384,0,0,5318.4912109375,2398.490966796875,0.0
2088,historical,15001,Hawaii,,24.272886276245117,20.258495330810547,27.146408081054688,6.887912750244141,1.5838769674301147,0,0,5209.603515625,2289.60400390625,0.0
2089,historical,15001,Hawaii,,23.749855041503906,18.825454711914062,26.894947052001953,8.06949234008789,2.0586965084075928,0,0,5018.6982421875,2098.6982421875,0.0
2090,historical,15001,Hawaii,,24.479753494262695,21.835763931274414,26.8337459564209,4.997982025146484,1.1626893281936646,0,0,5285.10986328125,2365.1103515625,0.0
2091,historical,15001,Hawaii,,24.85902214050293,21.788148880004883,27.045703887939453,5.25755500793457,1.2431732416152954,0,0,5423.54345703125,2503.54345703125,0.0
2092,historical,15001,Hawaii,,23.648576736450195,20.05428123474121,26.62686538696289,6.57258415222168,1.5729951858520508,0,0,4981.72998046875,2061.73046875,0.0
2093,historical,15001,Hawaii,,22.68643569946289,18.902467727661133,25.295391082763672,6.392923355102539,1.3930562734603882,0,0,4630.5498046875,1710.54931640625,0.0
2094,historical,15001,Hawaii,,23.01943588256836,19.991212844848633,25.58527183532715,5.594058990478516,1.4139907360076904,0,0,4752.0947265625,1832.094482421875,0.0
2095,historical,15001,Hawaii,,24.203237533569336,21.016529083251953,26.630685806274414,5.614156723022461,1.2089799642562866,0,0,5184.18212890625,2264.18212890625,0.0
2096,historical,15001,Hawaii,,23.933542251586914,20.611814498901367,26.72515296936035,6.113338470458984,1.4908283948898315,0,0,5085.7431640625,2165.7431640625,0.0
2097,historical,15001,Hawaii,,23.398164749145508,19.80602264404297,26.177064895629883,6.371042251586914,1.5143345594406128,0,0,4890.330078125,1970.329833984375,0.0
2098,historical,15001,Hawaii,,23.55304527282715,20.29969024658203,26.32333755493164,6.023647308349609,1.4696563482284546,0,0,4946.861328125,2026.8612060546875,0.0
2099,historical,15001,Hawaii,,24.76307487487793,21.290122985839844,28.205345153808594,6.91522216796875,1.604469656944275,0,0,5388.5234375,2468.523193359375,0.0
2100,historical,15001,Hawaii,,23.282705307006836,20.01274299621582,26.229164123535156,6.216421127319336,1.5277024507522583,0,0,4848.18798828125,1928.187744140625,0.0
