year,scenario,county_id,county_name,state,total_annual_precip_mm,days_above_threshold,mean_daily_precip_mm,max_daily_precip_mm,precip_std_mm,dry_days,wet_days,precip_percentile_95,precip_percentile_99
2015,ssp370,66010,Guam,,8095.2890625,135,22.178874969482422,120.45166778564453,22.7832088470459,53,312,66.03203582763672,97.73419952392578
2016,ssp370,66010,Guam,,7291.5634765625,114,19.976886749267578,133.34564208984375,25.59748077392578,67,298,68.2743911743164,114.73404693603516
2017,ssp370,66010,Guam,,5261.49169921875,71,14.415045738220215,145.0222625732422,22.059200286865234,91,274,56.83387756347656,106.78324127197266
2018,ssp370,66010,Guam,,7778.359375,122,21.31057357788086,130.97511291503906,23.286090850830078,43,322,69.50405883789062,104.26261901855469
2019,ssp370,66010,Guam,,4263.42578125,65,11.680618286132812,72.46202087402344,14.644976615905762,68,297,43.3851432800293,61.419925689697266
2020,ssp370,66010,Guam,,8634.583984375,147,23.656394958496094,127.51578521728516,23.83164405822754,27,338,70.52686309814453,102.56442260742188
2021,ssp370,66010,Guam,,9779.2109375,132,26.7923583984375,192.86752319335938,33.50052261352539,42,323,93.05706787109375,171.41241455078125
2022,ssp370,66010,Guam,,2434.669189453125,26,6.6703267097473145,102.27305603027344,12.884161949157715,105,260,36.43208312988281,54.914581298828125
2023,ssp370,66010,Guam,,4472.60009765625,65,12.25369930267334,99.61895751953125,15.490094184875488,86,279,39.08319854736328,69.83132934570312
2024,ssp370,66010,Guam,,6731.26953125,116,18.44183349609375,81.95142364501953,20.46110725402832,83,282,59.91374206542969,79.01292419433594
2025,ssp370,66010,Guam,,2449.5966796875,25,6.711223602294922,49.98930358886719,10.00831413269043,132,233,27.12832260131836,40.96089172363281
2026,ssp370,66010,Guam,,5553.7548828125,80,15.215766906738281,120.1102066040039,20.298213958740234,106,259,58.915035247802734,86.53569030761719
2027,ssp370,66010,Guam,,5450.447265625,76,14.932732582092285,163.92733764648438,25.481685638427734,98,267,72.96749877929688,114.65335845947266
2028,ssp370,66010,Guam,,5190.5703125,80,14.22074031829834,105.45547485351562,19.386760711669922,54,311,51.75670623779297,87.34696960449219
2029,ssp370,66010,Guam,,4352.697265625,59,11.92519760131836,93.09835052490234,17.004596710205078,85,280,48.53396224975586,74.94644165039062
2030,ssp370,66010,Guam,,5657.908203125,93,15.501118659973145,96.09724426269531,16.8384952545166,74,291,47.2407341003418,69.66036224365234
2031,ssp370,66010,Guam,,7478.58642578125,125,20.48927879333496,137.66543579101562,22.796777725219727,51,314,64.5712890625,109.52848052978516
2032,ssp370,66010,Guam,,6047.19677734375,82,16.567663192749023,120.19157409667969,18.045373916625977,49,316,52.98796081542969,78.2083969116211
2033,ssp370,66010,Guam,,6799.4931640625,102,18.628747940063477,215.10223388671875,25.183069229125977,56,309,66.64973449707031,99.49026489257812
2034,ssp370,66010,Guam,,3799.847412109375,38,10.410540580749512,129.1173095703125,19.066373825073242,90,275,48.09031295776367,98.10118865966797
2035,ssp370,66010,Guam,,5313.4326171875,81,14.55734920501709,209.99269104003906,20.423757553100586,66,299,48.693363189697266,79.28482055664062
2036,ssp370,66010,Guam,,8876.7119140625,147,24.319759368896484,272.00787353515625,28.53253746032715,48,317,65.81156158447266,96.8221664428711
2037,ssp370,66010,Guam,,6177.6240234375,90,16.924997329711914,119.66746520996094,21.13809585571289,62,303,58.51438903808594,96.021240234375
2038,ssp370,66010,Guam,,5010.24853515625,69,13.72670841217041,131.59521484375,19.168102264404297,88,277,56.74892044067383,83.33366394042969
2039,ssp370,66010,Guam,,7001.453125,118,19.182064056396484,92.72171020507812,18.648710250854492,59,306,54.80388259887695,74.1968994140625
2040,ssp370,66010,Guam,,5869.08154296875,73,16.079675674438477,136.9168701171875,22.97129249572754,71,294,64.06309509277344,110.98231506347656
2041,ssp370,66010,Guam,,8567.154296875,139,23.471654891967773,122.51801300048828,23.410905838012695,37,328,75.06645202636719,101.13729858398438
2042,ssp370,66010,Guam,,5387.068359375,75,14.7590913772583,173.62152099609375,22.07206153869629,81,284,61.59671401977539,86.7678451538086
2043,ssp370,66010,Guam,,6199.267578125,94,16.984294891357422,147.70831298828125,22.551332473754883,52,313,61.18501663208008,94.8503646850586
2044,ssp370,66010,Guam,,10098.396484375,182,27.666839599609375,123.40203094482422,23.097497940063477,22,343,70.47689819335938,97.898193359375
2045,ssp370,66010,Guam,,7754.5908203125,136,21.245454788208008,153.8893280029297,22.90003204345703,59,306,61.92361831665039,100.73860931396484
2046,ssp370,66010,Guam,,8400.953125,143,23.01630973815918,213.04776000976562,26.278636932373047,55,310,69.80375671386719,109.1994857788086
2047,ssp370,66010,Guam,,4519.61962890625,65,12.382519721984863,128.99386596679688,15.91136646270752,64,301,41.07908630371094,63.15152359008789
2048,ssp370,66010,Guam,,6792.220703125,102,18.608823776245117,123.0780258178711,22.103548049926758,60,305,67.30780029296875,84.78877258300781
2049,ssp370,66010,Guam,,4754.16015625,67,13.02509593963623,238.87689208984375,22.85155487060547,99,266,53.00672912597656,91.69499206542969
2050,ssp370,66010,Guam,,4386.54443359375,70,12.017930030822754,93.67684173583984,17.312353134155273,113,252,47.64736557006836,71.11781311035156
2051,ssp370,66010,Guam,,10312.150390625,172,28.252466201782227,200.8003387451172,26.55429458618164,35,330,84.1037368774414,110.68457794189453
2052,ssp370,66010,Guam,,10787.3095703125,185,29.55427360534668,197.97962951660156,26.643083572387695,32,333,82.07077026367188,112.0776596069336
2053,ssp370,66010,Guam,,7937.3935546875,132,21.74628448486328,233.60105895996094,24.07599449157715,51,314,62.90447998046875,77.514892578125
2054,ssp370,66010,Guam,,5315.74609375,87,14.563688278198242,110.94245910644531,20.143083572387695,103,262,57.19594192504883,77.10588836669922
2055,ssp370,66010,Guam,,8356.3037109375,130,22.89398193359375,213.75677490234375,25.97397804260254,51,314,67.74491882324219,104.52668762207031
2056,ssp370,66010,Guam,,6015.80908203125,97,16.48166847229004,163.33493041992188,23.127267837524414,91,274,59.63442611694336,104.37953186035156
2057,ssp370,66010,Guam,,7992.05322265625,128,21.89603614807129,145.3411865234375,23.182880401611328,42,323,61.64943313598633,99.4241943359375
2058,ssp370,66010,Guam,,3697.17333984375,59,10.129241943359375,57.883995056152344,13.47050666809082,97,268,40.19646072387695,47.28877258300781
2059,ssp370,66010,Guam,,7151.4677734375,125,19.593061447143555,117.45504760742188,19.34490394592285,40,325,55.02430725097656,85.70133972167969
2060,ssp370,66010,Guam,,8054.37646484375,132,22.066783905029297,129.501708984375,22.83882713317871,47,318,59.82517623901367,99.34495544433594
2061,ssp370,66010,Guam,,7955.34326171875,116,21.795461654663086,163.44989013671875,24.642812728881836,31,334,68.92245483398438,124.8641357421875
2062,ssp370,66010,Guam,,3847.18994140625,53,10.54024600982666,191.541015625,17.994308471679688,84,281,42.36213302612305,75.615234375
2063,ssp370,66010,Guam,,7615.1240234375,135,20.863353729248047,124.6294174194336,19.504016876220703,54,311,56.47526931762695,77.17230987548828
2064,ssp370,66010,Guam,,9599.0791015625,172,26.298847198486328,184.2113800048828,24.81696128845215,38,327,65.24923706054688,100.75022888183594
2065,ssp370,66010,Guam,,5473.0458984375,83,14.994646072387695,92.71324157714844,17.89864158630371,67,298,49.728729248046875,80.22029876708984
2066,ssp370,66010,Guam,,3102.16455078125,40,8.499080657958984,111.80659484863281,14.976719856262207,132,233,36.578433990478516,69.90739440917969
2067,ssp370,66010,Guam,,5784.4765625,81,15.847881317138672,242.9507598876953,22.623626708984375,76,289,48.39234161376953,90.96614074707031
2068,ssp370,66010,Guam,,11098.05078125,194,30.40561866760254,136.46908569335938,23.214855194091797,13,352,75.75475311279297,99.24398040771484
2069,ssp370,66010,Guam,,7765.13037109375,114,21.274330139160156,158.67201232910156,27.22921371459961,70,295,78.71559143066406,116.71062469482422
2070,ssp370,66010,Guam,,7027.78466796875,123,19.25420379638672,198.50054931640625,22.683971405029297,46,319,58.16164016723633,98.18838500976562
2071,ssp370,66010,Guam,,9578.0986328125,152,26.241365432739258,151.30352783203125,26.466650009155273,30,335,76.55549621582031,125.0826416015625
2072,ssp370,66010,Guam,,4682.21484375,62,12.827985763549805,116.54096984863281,18.972789764404297,82,283,53.27035140991211,78.97298431396484
2073,ssp370,66010,Guam,,7764.8505859375,130,21.273563385009766,186.88153076171875,22.597684860229492,50,315,62.229095458984375,87.57526397705078
2074,ssp370,66010,Guam,,8725.544921875,148,23.905603408813477,156.47659301757812,21.970409393310547,24,341,66.0331039428711,95.66805267333984
2075,ssp370,66010,Guam,,8569.921875,139,23.479238510131836,225.19137573242188,26.54903221130371,44,321,73.56732177734375,99.03091430664062
2076,ssp370,66010,Guam,,3944.74560546875,53,10.80752182006836,82.30587768554688,13.62117862701416,73,292,37.212135314941406,52.22339630126953
2077,ssp370,66010,Guam,,8565.2294921875,154,23.46638298034668,181.48829650878906,20.355031967163086,37,328,54.75423812866211,83.07403564453125
2078,ssp370,66010,Guam,,9719.2841796875,164,26.628175735473633,188.06295776367188,25.815305709838867,26,339,77.5891342163086,118.88798522949219
2079,ssp370,66010,Guam,,8906.787109375,138,24.402156829833984,187.9166259765625,25.5312557220459,30,335,73.9144515991211,107.58702850341797
2080,ssp370,66010,Guam,,4144.67431640625,41,11.35527229309082,159.1644287109375,20.875394821166992,54,311,50.23112869262695,105.36821746826172
2081,ssp370,66010,Guam,,6689.572265625,103,18.327594757080078,250.04115295410156,23.540067672729492,85,280,56.1242790222168,88.15203857421875
2082,ssp370,66010,Guam,,10215.00390625,163,27.986312866210938,188.75596618652344,29.297630310058594,26,339,80.79715728759766,139.75540161132812
2083,ssp370,66010,Guam,,6147.25048828125,80,16.841781616210938,202.02902221679688,25.61614990234375,84,281,59.664894104003906,117.83753204345703
2084,ssp370,66010,Guam,,3706.679931640625,47,10.155287742614746,153.2766876220703,14.704421043395996,80,285,39.619476318359375,49.20366668701172
2085,ssp370,66010,Guam,,5560.56201171875,89,15.234416007995605,56.36222839355469,13.785216331481934,43,322,41.87834167480469,53.132911682128906
2086,ssp370,66010,Guam,,9088.09375,146,24.898887634277344,140.14349365234375,24.512226104736328,37,328,71.56861877441406,106.69532012939453
2087,ssp370,66010,Guam,,9608.8798828125,143,26.325698852539062,162.49815368652344,28.1032657623291,34,331,77.8398208618164,133.11473083496094
2088,ssp370,66010,Guam,,7379.90185546875,107,20.218908309936523,205.549560546875,28.375837326049805,78,287,70.1559829711914,126.46228790283203
2089,ssp370,66010,Guam,,4737.384765625,78,12.97913646697998,68.376220703125,15.111194610595703,72,293,43.24235534667969,60.32590866088867
2090,ssp370,66010,Guam,,11458.861328125,206,31.394140243530273,203.697265625,25.549551010131836,13,352,71.20347595214844,124.24354553222656
2091,ssp370,66010,Guam,,7283.6337890625,111,19.95516014099121,215.34466552734375,24.222755432128906,52,313,57.761993408203125,117.4285888671875
2092,ssp370,66010,Guam,,3855.842529296875,46,10.563952445983887,129.18899536132812,18.289445877075195,93,272,50.60856246948242,82.77777862548828
2093,ssp370,66010,Guam,,3151.6572265625,46,8.634676933288574,76.36013793945312,13.174403190612793,94,271,37.38605499267578,55.29400634765625
2094,ssp370,66010,Guam,,6799.80615234375,106,18.629606246948242,90.08683776855469,18.47134780883789,41,324,58.93679428100586,75.92816162109375
2095,ssp370,66010,Guam,,10941.669921875,180,29.9771785736084,266.3809814453125,30.474275588989258,17,348,86.7255859375,146.41854858398438
2096,ssp370,66010,Guam,,7961.0009765625,123,21.81096076965332,205.02003479003906,27.1639404296875,60,305,68.01866149902344,120.55293273925781
2097,ssp370,66010,Guam,,5354.7255859375,82,14.670480728149414,150.22113037109375,21.57432746887207,96,269,54.66783905029297,88.03598022460938
2098,ssp370,66010,Guam,,6044.60400390625,96,16.560558319091797,143.01397705078125,20.46629524230957,58,307,53.058380126953125,92.32128143310547
2099,ssp370,66010,Guam,,10391.5029296875,147,28.469871520996094,224.28384399414062,33.206260681152344,34,331,97.91371154785156,152.7982635498047
2100,ssp370,66010,Guam,,4083.32568359375,48,11.187193870544434,109.31432342529297,17.46649169921875,58,307,51.68465042114258,80.7559814453125
2015,ssp370,69100,Rota,,2473.97314453125,7,6.778008460998535,44.86157989501953,7.5461554527282715,76,289,20.407072067260742,30.553495407104492
2016,ssp370,69100,Rota,,2157.40576171875,14,5.910700798034668,44.156288146972656,8.458633422851562,103,262,23.345264434814453,37.811824798583984
2017,ssp370,69100,Rota,,1469.668212890625,6,4.026488304138184,41.34442901611328,6.592632293701172,143,222,17.194366455078125,28.328407287597656
2018,ssp370,69100,Rota,,2373.53662109375,9,6.502840042114258,44.245765686035156,7.351654052734375,67,298,20.356155395507812,34.73871994018555
2019,ssp370,69100,Rota,,1119.5877685546875,0,3.067363739013672,25.25606918334961,4.713443279266357,116,249,13.423391342163086,20.333454132080078
2020,ssp370,69100,Rota,,2613.60205078125,14,7.160553455352783,53.30914306640625,7.972978115081787,56,309,20.49338150024414,32.29929733276367
2021,ssp370,69100,Rota,,3071.900634765625,29,8.416166305541992,71.09295654296875,11.094120979309082,70,295,30.191524505615234,52.826900482177734
2022,ssp370,69100,Rota,,568.574462890625,1,1.5577383041381836,26.174901962280273,3.5948123931884766,182,183,9.434590339660645,17.833045959472656
2023,ssp370,69100,Rota,,1255.8748779296875,1,3.4407529830932617,25.619752883911133,4.615517616271973,116,249,12.989808082580566,18.004934310913086
2024,ssp370,69100,Rota,,2049.9814453125,4,5.616387367248535,30.821260452270508,6.841509819030762,113,252,19.579410552978516,25.81401824951172
2025,ssp370,69100,Rota,,715.857177734375,0,1.9612525701522827,16.832937240600586,3.278486967086792,190,175,9.51150131225586,12.833995819091797
2026,ssp370,69100,Rota,,1616.00244140625,5,4.427403926849365,48.47981643676758,6.50675630569458,139,226,19.02015495300293,27.35888671875
2027,ssp370,69100,Rota,,1627.694580078125,11,4.459437370300293,40.4388427734375,7.154855251312256,136,229,20.5338134765625,31.842987060546875
2028,ssp370,69100,Rota,,1459.3505859375,5,3.998220682144165,35.368919372558594,6.10948371887207,105,260,16.36216163635254,26.990991592407227
2029,ssp370,69100,Rota,,1244.69091796875,3,3.410112142562866,36.66144561767578,5.474569320678711,143,222,14.82956314086914,25.022375106811523
2030,ssp370,69100,Rota,,1715.954345703125,1,4.701244831085205,29.502220153808594,5.492628574371338,102,263,15.251542091369629,20.28584861755371
2031,ssp370,69100,Rota,,2413.41650390625,9,6.612100124359131,59.249351501464844,7.544700622558594,75,290,19.415037155151367,33.91072463989258
2032,ssp370,69100,Rota,,1786.7080078125,4,4.895090579986572,32.810325622558594,5.741981029510498,76,289,16.415393829345703,24.41172218322754
2033,ssp370,69100,Rota,,2045.843017578125,7,5.605049133300781,71.87007141113281,7.932602882385254,82,283,19.057693481445312,29.8072452545166
2034,ssp370,69100,Rota,,1145.6331787109375,5,3.138720989227295,37.495296478271484,5.8816633224487305,145,220,14.328211784362793,29.94696044921875
2035,ssp370,69100,Rota,,1524.1837158203125,3,4.175845623016357,86.10717010498047,6.9680023193359375,112,253,15.075190544128418,22.664451599121094
2036,ssp370,69100,Rota,,2673.805419921875,7,7.325494289398193,93.83250427246094,9.066518783569336,73,292,20.18940544128418,28.98735809326172
2037,ssp370,69100,Rota,,1870.4246826171875,9,5.124451160430908,37.212806701660156,6.696690082550049,91,274,18.434131622314453,30.302396774291992
2038,ssp370,69100,Rota,,1402.5234375,6,3.8425300121307373,48.467247009277344,6.407850742340088,132,233,17.579286575317383,26.307891845703125
2039,ssp370,69100,Rota,,2077.060791015625,4,5.690577507019043,33.01123809814453,6.272577285766602,77,288,18.075702667236328,25.540884017944336
2040,ssp370,69100,Rota,,1623.8546142578125,10,4.448916912078857,41.84001541137695,7.163295745849609,96,269,20.13981819152832,36.64786148071289
2041,ssp370,69100,Rota,,2672.100341796875,13,7.320822715759277,41.44999313354492,7.576620101928711,66,299,22.71980094909668,30.218751907348633
2042,ssp370,69100,Rota,,1572.9517822265625,2,4.309456825256348,49.458595275878906,6.418903350830078,125,240,19.675050735473633,24.340911865234375
2043,ssp370,69100,Rota,,1813.1435546875,10,4.9675164222717285,40.550537109375,7.145571708679199,93,272,19.999902725219727,29.559621810913086
2044,ssp370,69100,Rota,,2950.122802734375,8,8.082528114318848,37.52511978149414,7.3695292472839355,50,315,21.163745880126953,30.194644927978516
2045,ssp370,69100,Rota,,2309.457275390625,7,6.327280044555664,34.52337646484375,7.02366304397583,97,268,19.422147750854492,27.155115127563477
2046,ssp370,69100,Rota,,2612.90478515625,14,7.1586432456970215,64.9111557006836,8.531258583068848,83,282,23.68813133239746,35.32950210571289
2047,ssp370,69100,Rota,,1263.8724365234375,2,3.4626641273498535,58.94137954711914,5.631073474884033,115,250,13.96048641204834,18.25514793395996
2048,ssp370,69100,Rota,,2043.62158203125,3,5.598963260650635,36.62846374511719,6.793910026550293,90,275,19.205753326416016,25.190486907958984
2049,ssp370,69100,Rota,,1251.856201171875,4,3.4297430515289307,58.17044448852539,5.918549060821533,133,232,13.1766996383667,25.79043960571289
2050,ssp370,69100,Rota,,1141.51806640625,1,3.1274466514587402,34.32784652709961,5.326961994171143,155,210,15.707131385803223,22.16071319580078
2051,ssp370,69100,Rota,,3306.66650390625,23,9.05936050415039,70.44918060302734,8.902709007263184,45,320,26.682737350463867,38.91178512573242
2052,ssp370,69100,Rota,,3451.49169921875,18,9.456141471862793,74.18450927734375,8.880643844604492,50,315,25.053831100463867,33.5959587097168
2053,ssp370,69100,Rota,,2197.459228515625,4,6.0204362869262695,59.79872131347656,6.832682132720947,86,279,17.635526657104492,25.72132682800293
2054,ssp370,69100,Rota,,1539.1832275390625,4,4.216940402984619,30.946475982666016,6.386530876159668,136,229,17.993085861206055,26.09723663330078
2055,ssp370,69100,Rota,,2595.612060546875,9,7.111266136169434,83.14896392822266,8.916779518127441,73,292,20.454465866088867,34.633296966552734
2056,ssp370,69100,Rota,,1765.2518310546875,6,4.836306571960449,46.99542236328125,6.939740180969238,121,244,17.71129608154297,26.90488052368164
2057,ssp370,69100,Rota,,2506.96142578125,8,6.868387699127197,36.97011184692383,7.319535255432129,83,282,20.950393676757812,31.818737030029297
2058,ssp370,69100,Rota,,1141.9193115234375,0,3.1285459995269775,20.937685012817383,4.6338372230529785,144,221,13.420674324035645,17.154537200927734
2059,ssp370,69100,Rota,,2285.90380859375,6,6.262750148773193,39.775604248046875,6.666242599487305,76,289,17.40763282775879,28.546783447265625
2060,ssp370,69100,Rota,,2449.36279296875,9,6.710583209991455,36.571449279785156,7.13649845123291,70,295,18.962696075439453,31.219453811645508
2061,ssp370,69100,Rota,,2232.20556640625,10,6.115631580352783,52.7061767578125,7.48901891708374,56,309,19.194400787353516,32.58851623535156
2062,ssp370,69100,Rota,,1115.659912109375,5,3.0566024780273438,50.19453048706055,5.7926130294799805,130,235,14.223158836364746,26.461421966552734
2063,ssp370,69100,Rota,,2365.7666015625,5,6.4815521240234375,39.25794982910156,6.56358003616333,64,301,18.232797622680664,26.368473052978516
2064,ssp370,69100,Rota,,2975.12939453125,8,8.151039123535156,71.41036987304688,8.713810920715332,51,314,20.426971435546875,35.341243743896484
2065,ssp370,69100,Rota,,1541.3209228515625,1,4.22279691696167,32.226776123046875,5.413177967071533,105,260,14.720614433288574,21.47754669189453
2066,ssp370,69100,Rota,,879.7533569335938,2,2.410283088684082,40.04205322265625,4.604511737823486,171,194,11.955718040466309,20.317047119140625
2067,ssp370,69100,Rota,,1655.972900390625,6,4.536911964416504,85.22189331054688,7.438683986663818,116,249,16.84766960144043,32.785362243652344
2068,ssp370,69100,Rota,,3466.815673828125,17,9.498125076293945,45.27289581298828,7.78586483001709,25,340,24.596567153930664,32.0351448059082
2069,ssp370,69100,Rota,,2342.015869140625,16,6.416481971740723,44.717994689941406,8.7989501953125,100,265,23.972702026367188,39.83561706542969
2070,ssp370,69100,Rota,,2026.4072265625,5,5.551800727844238,57.20125961303711,7.106476306915283,84,281,17.660804748535156,33.41460418701172
2071,ssp370,69100,Rota,,2935.27490234375,17,8.041849136352539,48.086952209472656,8.378090858459473,52,313,24.12306785583496,36.5295295715332
2072,ssp370,69100,Rota,,1297.8966064453125,5,3.5558810234069824,47.082088470458984,6.178431510925293,132,233,16.311399459838867,26.17566680908203
2073,ssp370,69100,Rota,,2250.29736328125,6,6.16519832611084,47.766822814941406,6.959833145141602,78,287,19.961332321166992,26.684364318847656
2074,ssp370,69100,Rota,,2620.197265625,8,7.178622722625732,45.630760192871094,7.003392696380615,48,317,19.618762969970703,30.12718963623047
2075,ssp370,69100,Rota,,2500.464111328125,12,6.850586414337158,89.92596435546875,8.698163986206055,66,299,20.977392196655273,30.61858558654785
2076,ssp370,69100,Rota,,1053.68701171875,0,2.8868136405944824,23.164382934570312,4.291323661804199,117,248,12.316816329956055,17.65753173828125
2077,ssp370,69100,Rota,,2655.365234375,4,7.274973392486572,65.25949096679688,6.878671169281006,59,306,17.47908592224121,24.9943904876709
2078,ssp370,69100,Rota,,3082.627197265625,21,8.44555377960205,61.00669860839844,8.680904388427734,47,318,27.308603286743164,37.042354583740234
2079,ssp370,69100,Rota,,2549.67529296875,14,6.985411643981934,58.715492248535156,8.077360153198242,57,308,23.040746688842773,32.39917755126953
2080,ssp370,69100,Rota,,1251.33642578125,8,3.428318977355957,57.438018798828125,6.635910987854004,92,273,16.642332077026367,32.77848434448242
2081,ssp370,69100,Rota,,2005.062255859375,7,5.493321418762207,84.97067260742188,7.985781669616699,116,249,18.200862884521484,30.389982223510742
2082,ssp370,69100,Rota,,3102.31787109375,20,8.49950122833252,65.10740661621094,9.986931800842285,53,312,27.106332778930664,46.69606018066406
2083,ssp370,69100,Rota,,1767.08935546875,8,4.8413405418396,65.26359558105469,7.823263645172119,125,240,16.818349838256836,33.98188018798828
2084,ssp370,69100,Rota,,1127.644287109375,1,3.0894362926483154,69.67887878417969,5.5472612380981445,124,241,13.552266120910645,17.749422073364258
2085,ssp370,69100,Rota,,1569.83642578125,0,4.30092191696167,18.18266487121582,4.517005443572998,80,285,13.280545234680176,16.815311431884766
2086,ssp370,69100,Rota,,2822.606689453125,13,7.733169078826904,42.83599090576172,7.603815078735352,55,310,22.025985717773438,34.12519073486328
2087,ssp370,69100,Rota,,2939.17724609375,20,8.05254077911377,54.70497131347656,8.89725112915039,67,298,26.271116256713867,38.15078353881836
2088,ssp370,69100,Rota,,2343.01708984375,15,6.419224739074707,77.88195037841797,9.257396697998047,91,274,21.961091995239258,42.380523681640625
2089,ssp370,69100,Rota,,1381.167236328125,0,3.784019708633423,24.302719116210938,4.931686878204346,106,259,13.950886726379395,19.0631103515625
2090,ssp370,69100,Rota,,3561.126953125,15,9.756512641906738,64.4229736328125,8.29238224029541,30,335,24.47940444946289,35.65456008911133
2091,ssp370,69100,Rota,,2174.467529296875,11,5.95744514465332,72.08494567871094,7.935307502746582,80,285,19.772174835205078,34.567989349365234
2092,ssp370,69100,Rota,,1168.97265625,4,3.202664852142334,58.65056610107422,5.964397430419922,143,222,15.285077095031738,25.08705711364746
2093,ssp370,69100,Rota,,830.0260009765625,0,2.2740437984466553,23.968780517578125,4.0212225914001465,152,213,10.476617813110352,16.68924903869629
2094,ssp370,69100,Rota,,1998.5321044921875,1,5.475430488586426,36.57237243652344,5.766255855560303,74,291,16.215499877929688,22.300212860107422
2095,ssp370,69100,Rota,,3362.01171875,18,9.210990905761719,83.63890075683594,10.219740867614746,31,334,24.848388671875,46.483909606933594
2096,ssp370,69100,Rota,,2490.380615234375,17,6.822960376739502,70.62400817871094,9.11348819732666,91,274,23.247222900390625,41.172611236572266
2097,ssp370,69100,Rota,,1555.80712890625,7,4.262485504150391,66.13653564453125,7.481180191040039,144,221,16.092267990112305,30.459564208984375
2098,ssp370,69100,Rota,,1809.16552734375,5,4.956617832183838,58.312957763671875,7.118694305419922,93,272,16.78748321533203,31.062583923339844
2099,ssp370,69100,Rota,,3147.26611328125,24,8.622647285461426,70.20368957519531,10.430474281311035,57,308,31.2871150970459,43.59955978393555
2100,ssp370,69100,Rota,,1191.271240234375,5,3.26375675201416,34.75225830078125,5.775026798248291,104,261,18.700498580932617,27.02669906616211
2015,ssp370,69120,Tinian,,5213.4140625,82,14.283326148986816,85.60230255126953,14.917610168457031,61,304,41.01768493652344,60.60631561279297
2016,ssp370,69120,Tinian,,4404.15625,67,12.066181182861328,97.1635971069336,17.803529739379883,107,258,52.6515998840332,77.34839630126953
2017,ssp370,69120,Tinian,,2719.3359375,40,7.450235366821289,73.37847137451172,12.684349060058594,135,230,34.19234848022461,57.20491409301758
2018,ssp370,69120,Tinian,,4603.3818359375,47,12.612005233764648,76.98970031738281,13.924351692199707,60,305,41.17568588256836,67.00334930419922
2019,ssp370,69120,Tinian,,1969.916015625,18,5.397030353546143,39.232120513916016,8.185805320739746,125,240,24.886526107788086,34.077945709228516
2020,ssp370,69120,Tinian,,5092.0859375,69,13.950920104980469,121.17919158935547,16.150365829467773,54,311,44.03615188598633,70.86256408691406
2021,ssp370,69120,Tinian,,6027.20703125,86,16.512895584106445,120.17853546142578,20.84810447692871,74,291,61.843814849853516,89.91609954833984
2022,ssp370,69120,Tinian,,890.669677734375,3,2.4401907920837402,48.22237777709961,5.756706714630127,184,181,13.877352714538574,25.163619995117188
2023,ssp370,69120,Tinian,,2854.887939453125,26,7.821610927581787,53.484222412109375,9.391510009765625,100,265,27.189924240112305,36.82028579711914
2024,ssp370,69120,Tinian,,4208.314453125,62,11.52962875366211,73.24681091308594,14.076143264770508,94,271,39.51414489746094,56.086769104003906
2025,ssp370,69120,Tinian,,1625.2882080078125,6,4.452844619750977,28.241558074951172,6.829365253448486,164,201,19.409330368041992,26.617456436157227
2026,ssp370,69120,Tinian,,3270.958740234375,30,8.961530685424805,71.86099243164062,12.631662368774414,126,239,38.33015823364258,52.86371612548828
2027,ssp370,69120,Tinian,,3336.784423828125,40,9.141875267028809,85.17350769042969,13.607758522033691,105,260,41.783599853515625,54.45773696899414
2028,ssp370,69120,Tinian,,2578.09619140625,25,7.063277244567871,70.42153930664062,11.095739364624023,96,269,30.540821075439453,49.79529571533203
2029,ssp370,69120,Tinian,,2702.200927734375,29,7.403290271759033,75.83740234375,10.763044357299805,94,271,29.784381866455078,48.10707473754883
2030,ssp370,69120,Tinian,,3665.892578125,45,10.043540954589844,53.68934631347656,11.380017280578613,93,272,32.2041130065918,42.42668533325195
2031,ssp370,69120,Tinian,,5192.451171875,63,14.2258939743042,98.5500259399414,14.927017211914062,55,310,41.875953674316406,58.06548309326172
2032,ssp370,69120,Tinian,,3468.72900390625,33,9.50336742401123,62.357154846191406,11.125316619873047,64,301,33.91664123535156,43.52454376220703
2033,ssp370,69120,Tinian,,4032.01220703125,47,11.046608924865723,127.556396484375,14.892828941345215,63,302,37.67084884643555,53.604976654052734
2034,ssp370,69120,Tinian,,2388.462646484375,25,6.5437331199646,74.40103912353516,12.802001953125,123,242,32.43644332885742,66.46521759033203
2035,ssp370,69120,Tinian,,2809.790771484375,26,7.698056697845459,160.22238159179688,12.944339752197266,96,269,27.3802547454834,40.74371337890625
2036,ssp370,69120,Tinian,,5493.46435546875,73,15.05058765411377,201.12762451171875,18.742355346679688,67,298,41.609500885009766,62.98762512207031
2037,ssp370,69120,Tinian,,3698.86474609375,35,10.133875846862793,79.5428695678711,13.058255195617676,78,287,36.53446578979492,65.24154663085938
2038,ssp370,69120,Tinian,,2606.9931640625,28,7.142446994781494,85.2975845336914,12.206192016601562,121,244,32.78374481201172,54.76218032836914
2039,ssp370,69120,Tinian,,4012.16650390625,41,10.992237091064453,59.87649917602539,12.056800842285156,65,300,35.48225402832031,50.56529235839844
2040,ssp370,69120,Tinian,,2873.98681640625,26,7.873936653137207,78.23468780517578,12.849870681762695,94,271,35.15825271606445,65.10926055908203
2041,ssp370,69120,Tinian,,5376.462890625,77,14.730035781860352,98.49972534179688,15.550834655761719,61,304,46.094364166259766,61.73338317871094
2042,ssp370,69120,Tinian,,3266.40478515625,42,8.949053764343262,79.20012664794922,12.997068405151367,115,250,37.5677604675293,57.28284454345703
2043,ssp370,69120,Tinian,,3254.2734375,42,8.915817260742188,87.56690216064453,13.451478958129883,86,279,39.0648307800293,57.530731201171875
2044,ssp370,69120,Tinian,,5524.03271484375,77,15.134336471557617,82.86395263671875,14.625904083251953,58,307,42.73994445800781,65.58556365966797
2045,ssp370,69120,Tinian,,4320.3076171875,53,11.836459159851074,73.1015853881836,13.712646484375,98,267,37.285099029541016,59.334800720214844
2046,ssp370,69120,Tinian,,5297.2705078125,75,14.513070106506348,99.52423095703125,16.316843032836914,76,289,44.78839874267578,70.94474792480469
2047,ssp370,69120,Tinian,,2281.47216796875,21,6.250608444213867,92.98406982421875,10.056382179260254,115,250,27.36187171936035,35.61655807495117
2048,ssp370,69120,Tinian,,4050.36865234375,56,11.09689998626709,78.45989990234375,13.360662460327148,85,280,37.04856491088867,55.556880950927734
2049,ssp370,69120,Tinian,,2412.4052734375,20,6.609329700469971,96.3591079711914,11.409505844116211,120,245,25.553781509399414,59.155975341796875
2050,ssp370,69120,Tinian,,1722.178466796875,12,4.718297004699707,56.30380630493164,8.021486282348633,148,217,22.489763259887695,36.88475036621094
2051,ssp370,69120,Tinian,,6822.8203125,99,18.692657470703125,112.353271484375,16.87178611755371,33,332,50.53871154785156,73.6616439819336
2052,ssp370,69120,Tinian,,6990.9638671875,104,19.1533260345459,138.04672241210938,17.465892791748047,45,320,49.556304931640625,74.68865966796875
2053,ssp370,69120,Tinian,,4137.0439453125,52,11.334366798400879,90.75312042236328,12.96588134765625,79,286,35.332611083984375,50.462135314941406
2054,ssp370,69120,Tinian,,2859.5498046875,37,7.834383010864258,53.84096908569336,11.367219924926758,126,239,30.38987922668457,46.811527252197266
2055,ssp370,69120,Tinian,,4995.7509765625,68,13.686988830566406,129.34169006347656,16.284164428710938,79,286,40.986968994140625,70.6136703491211
2056,ssp370,69120,Tinian,,3246.328857421875,40,8.894051551818848,97.92681884765625,13.218714714050293,96,269,34.7264289855957,52.744232177734375
2057,ssp370,69120,Tinian,,5080.32958984375,66,13.91871166229248,86.00413513183594,14.779990196228027,74,291,43.83642578125,65.56759643554688
2058,ssp370,69120,Tinian,,2444.482177734375,27,6.697211265563965,42.15019607543945,9.1773681640625,104,261,26.790279388427734,35.8475341796875
2059,ssp370,69120,Tinian,,4722.36279296875,68,12.937980651855469,69.4167251586914,13.315275192260742,65,300,37.2513313293457,55.80378341674805
2060,ssp370,69120,Tinian,,4836.3515625,64,13.25027847290039,81.76087188720703,13.849669456481934,64,301,37.35845184326172,56.266239166259766
2061,ssp370,69120,Tinian,,4300.82470703125,47,11.7830810546875,108.17304992675781,15.281351089477539,68,297,39.85004425048828,70.8388442993164
2062,ssp370,69120,Tinian,,2018.9302978515625,21,5.531315803527832,75.19380187988281,10.323469161987305,128,237,27.80895233154297,46.17744827270508
2063,ssp370,69120,Tinian,,4889.08740234375,59,13.394760131835938,73.23560333251953,13.478269577026367,60,305,39.1111946105957,58.99040603637695
2064,ssp370,69120,Tinian,,6239.078125,97,17.093364715576172,121.67408752441406,17.186979293823242,40,325,47.26557159423828,78.80973815917969
2065,ssp370,69120,Tinian,,2847.4619140625,27,7.801265716552734,46.763973236083984,9.912755966186523,94,271,29.402873992919922,40.290340423583984
2066,ssp370,69120,Tinian,,1723.191650390625,12,4.721073150634766,75.29125213623047,8.160025596618652,127,238,20.317296981811523,35.93209457397461
2067,ssp370,69120,Tinian,,3177.570068359375,32,8.705671310424805,123.24723052978516,13.647863388061523,104,261,31.98012351989746,57.04020690917969
2068,ssp370,69120,Tinian,,7193.919921875,113,19.709369659423828,87.94239807128906,15.98114013671875,27,338,49.329864501953125,66.82848358154297
2069,ssp370,69120,Tinian,,4401.96435546875,60,12.060175895690918,90.21043395996094,16.70500373840332,87,278,48.52280044555664,77.18655395507812
2070,ssp370,69120,Tinian,,3707.60107421875,42,10.157811164855957,81.29570007324219,12.492480278015137,84,281,32.57268524169922,62.10914611816406
2071,ssp370,69120,Tinian,,6080.02392578125,93,16.65760040283203,86.34132385253906,17.344945907592773,42,323,54.193485260009766,71.96996307373047
2072,ssp370,69120,Tinian,,2299.7197265625,23,6.300601959228516,75.40502166748047,11.159640312194824,116,249,28.685876846313477,52.08373260498047
2073,ssp370,69120,Tinian,,4158.70166015625,51,11.39370346069336,95.75028991699219,13.28778076171875,87,278,33.48980712890625,50.14738845825195
2074,ssp370,69120,Tinian,,5162.654296875,65,14.144258499145508,105.2525634765625,14.288586616516113,45,320,38.133819580078125,62.903507232666016
2075,ssp370,69120,Tinian,,4943.13916015625,66,13.5428466796875,143.0367431640625,16.64162826538086,65,300,44.09989547729492,62.92625045776367
2076,ssp370,69120,Tinian,,1980.4661865234375,16,5.425934791564941,39.23164367675781,7.934016227722168,109,256,23.860795974731445,32.54608154296875
2077,ssp370,69120,Tinian,,5226.3173828125,71,14.31867790222168,108.9764633178711,13.023233413696289,53,312,34.87466812133789,48.42036437988281
2078,ssp370,69120,Tinian,,6392.8203125,79,17.514575958251953,133.82456970214844,18.096778869628906,41,324,53.47979736328125,75.03343200683594
2079,ssp370,69120,Tinian,,4800.0,64,13.15068531036377,109.80684661865234,16.220857620239258,73,292,46.90605545043945,68.87396240234375
2080,ssp370,69120,Tinian,,2284.644775390625,21,6.259300708770752,85.71442413330078,11.347402572631836,80,285,28.568885803222656,55.90160369873047
2081,ssp370,69120,Tinian,,3649.9619140625,37,9.999896049499512,167.026123046875,15.804451942443848,119,246,34.675628662109375,66.64142608642578
2082,ssp370,69120,Tinian,,5865.8935546875,83,16.070941925048828,106.42888641357422,19.648738861083984,66,299,54.40336990356445,87.63987731933594
2083,ssp370,69120,Tinian,,3259.592041015625,31,8.930389404296875,101.0036392211914,14.046143531799316,106,259,33.75206756591797,71.95283508300781
2084,ssp370,69120,Tinian,,2286.94873046875,17,6.265613079071045,113.34614562988281,9.986479759216309,88,277,24.090452194213867,34.0763053894043
2085,ssp370,69120,Tinian,,3076.20458984375,22,8.427957534790039,40.99848175048828,8.666626930236816,70,295,25.802772521972656,31.515783309936523
2086,ssp370,69120,Tinian,,5943.8212890625,81,16.284440994262695,83.56707763671875,15.630585670471191,38,327,47.03926467895508,72.48592376708984
2087,ssp370,69120,Tinian,,6237.67138671875,97,17.089509963989258,81.75418090820312,17.753446578979492,59,306,52.9813232421875,69.80319213867188
2088,ssp370,69120,Tinian,,4475.7060546875,61,12.262207984924316,114.6112060546875,16.939823150634766,79,286,45.56150436401367,82.0423583984375
2089,ssp370,69120,Tinian,,2607.654052734375,22,7.144257545471191,53.05094528198242,9.28121566772461,96,269,26.503808975219727,34.33340835571289
2090,ssp370,69120,Tinian,,7117.53515625,112,19.50009536743164,104.33303833007812,16.32691192626953,28,337,51.05949783325195,74.44772338867188
2091,ssp370,69120,Tinian,,4149.478515625,47,11.368433952331543,120.6421127319336,14.913233757019043,87,278,39.101707458496094,61.55291748046875
2092,ssp370,69120,Tinian,,2426.81689453125,30,6.648813247680664,82.47139739990234,11.034191131591797,118,247,29.269939422607422,44.99320983886719
2093,ssp370,69120,Tinian,,1357.5159912109375,7,3.719221830368042,47.009742736816406,6.750793933868408,155,210,17.399389266967773,31.567075729370117
2094,ssp370,69120,Tinian,,4005.86669921875,37,10.974977493286133,64.24849700927734,11.096158027648926,53,312,30.90233612060547,49.28237533569336
2095,ssp370,69120,Tinian,,6704.60400390625,85,18.368778228759766,191.69656372070312,20.346172332763672,35,330,52.844139099121094,94.3412857055664
2096,ssp370,69120,Tinian,,4912.32568359375,71,13.458426475524902,112.29322814941406,17.78228759765625,83,282,46.25526428222656,80.85245513916016
2097,ssp370,69120,Tinian,,2692.812744140625,31,7.377569198608398,98.34051513671875,12.857789993286133,133,232,29.7581787109375,54.8026237487793
2098,ssp370,69120,Tinian,,3500.576904296875,44,9.590621948242188,101.43296813964844,13.695566177368164,91,274,34.71895980834961,56.7561149597168
2099,ssp370,69120,Tinian,,6317.7314453125,86,17.308853149414062,121.89732360839844,20.880718231201172,64,301,61.55768966674805,86.53138732910156
2100,ssp370,69120,Tinian,,2148.395263671875,20,5.886014461517334,72.5521011352539,11.067873001098633,93,272,32.53152847290039,55.156097412109375
2015,ssp370,69085,Northern Islands,,2230.869384765625,3,6.111970901489258,48.239131927490234,6.40659236907959,31,334,16.584978103637695,23.471370697021484
2016,ssp370,69085,Northern Islands,,1585.9215087890625,6,4.344990253448486,32.59589767456055,6.464260578155518,118,247,18.073291778564453,29.054458618164062
2017,ssp370,69085,Northern Islands,,988.6616821289062,4,2.7086620330810547,31.3889102935791,5.1468186378479,123,242,12.390226364135742,25.509679794311523
2018,ssp370,69085,Northern Islands,,1380.77490234375,2,3.782944917678833,37.61940383911133,4.765706539154053,64,301,12.153271675109863,23.123069763183594
2019,ssp370,69085,Northern Islands,,666.9617309570312,0,1.8272924423217773,15.236241340637207,2.9320685863494873,118,247,8.613996505737305,13.638360977172852
2020,ssp370,69085,Northern Islands,,1610.248779296875,3,4.411640644073486,38.91386413574219,5.535948276519775,59,306,14.137205123901367,24.858905792236328
2021,ssp370,69085,Northern Islands,,1832.624755859375,4,5.020889759063721,32.702392578125,6.295238018035889,67,298,19.39845848083496,25.629352569580078
2022,ssp370,69085,Northern Islands,,376.560302734375,0,1.0316721200942993,14.688850402832031,1.9939279556274414,166,199,4.598636627197266,9.568099021911621
2023,ssp370,69085,Northern Islands,,1506.569091796875,0,4.127586364746094,20.15326499938965,4.111220836639404,42,323,12.28060531616211,16.573867797851562
2024,ssp370,69085,Northern Islands,,1720.418701171875,4,4.713475704193115,44.7744026184082,5.826927185058594,41,324,15.628019332885742,26.472854614257812
2025,ssp370,69085,Northern Islands,,1053.169921875,0,2.885396957397461,15.245923042297363,3.313093662261963,53,312,9.794305801391602,13.107183456420898
2026,ssp370,69085,Northern Islands,,1340.466064453125,1,3.6725096702575684,27.7540283203125,4.748169898986816,74,291,14.26207160949707,19.69134521484375
2027,ssp370,69085,Northern Islands,,1263.57421875,2,3.4618470668792725,30.5042724609375,4.531050205230713,87,278,11.944157600402832,19.170732498168945
2028,ssp370,69085,Northern Islands,,781.8065185546875,3,2.1419355869293213,30.585838317871094,4.3022356033325195,103,262,9.707990646362305,23.907983779907227
2029,ssp370,69085,Northern Islands,,1249.064208984375,0,3.422093629837036,24.44661521911621,3.7317137718200684,40,325,11.548898696899414,16.680253982543945
2030,ssp370,69085,Northern Islands,,1502.96240234375,0,4.117705345153809,23.31371307373047,4.868610858917236,69,296,14.239956855773926,18.700382232666016
2031,ssp370,69085,Northern Islands,,1870.125244140625,3,5.123631000518799,26.61049461364746,5.404831886291504,60,305,14.239401817321777,23.882732391357422
2032,ssp370,69085,Northern Islands,,1189.234619140625,0,3.2581770420074463,18.123262405395508,3.8380725383758545,71,294,11.508249282836914,16.142127990722656
2033,ssp370,69085,Northern Islands,,1458.48974609375,0,3.9958622455596924,23.446134567260742,4.678545951843262,54,311,14.402795791625977,19.825429916381836
2034,ssp370,69085,Northern Islands,,1020.8015747070312,4,2.7967166900634766,49.83698654174805,5.867572784423828,92,273,15.405512809753418,24.34316062927246
2035,ssp370,69085,Northern Islands,,1057.22021484375,2,2.896493673324585,49.610782623291016,4.799291133880615,85,280,11.15334701538086,17.015731811523438
2036,ssp370,69085,Northern Islands,,1840.9970703125,4,5.043827533721924,37.28900146484375,5.616575717926025,59,306,14.86963939666748,25.8564395904541
2037,ssp370,69085,Northern Islands,,1229.6597900390625,3,3.3689308166503906,35.93546676635742,4.801833152770996,86,279,12.275592803955078,24.62380599975586
2038,ssp370,69085,Northern Islands,,977.8308715820312,1,2.6789886951446533,26.374479293823242,4.278980731964111,86,279,10.892359733581543,19.977996826171875
2039,ssp370,69085,Northern Islands,,1578.0302734375,1,4.323370456695557,28.55669593811035,4.571038246154785,55,310,13.105749130249023,19.210763931274414
2040,ssp370,69085,Northern Islands,,944.3453369140625,4,2.587247610092163,30.8542423248291,4.44122314453125,107,258,10.723530769348145,23.750267028808594
2041,ssp370,69085,Northern Islands,,1959.66748046875,5,5.368951797485352,38.3099479675293,5.8590779304504395,75,290,15.540095329284668,26.138057708740234
2042,ssp370,69085,Northern Islands,,1281.145263671875,6,3.5099871158599854,34.685298919677734,5.275516986846924,109,256,13.602283477783203,27.87244415283203
2043,ssp370,69085,Northern Islands,,1137.246337890625,3,3.115743398666382,47.68021011352539,5.252169609069824,113,252,12.687723159790039,20.945629119873047
2044,ssp370,69085,Northern Islands,,1703.77490234375,2,4.667876243591309,26.65519905090332,5.204923629760742,64,301,15.291848182678223,20.968463897705078
2045,ssp370,69085,Northern Islands,,1367.1728515625,3,3.7456791400909424,36.18894577026367,5.024012088775635,87,278,12.813324928283691,23.024967193603516
2046,ssp370,69085,Northern Islands,,1990.22216796875,4,5.452663421630859,34.27409744262695,6.152688980102539,63,302,17.923789978027344,25.35736083984375
2047,ssp370,69085,Northern Islands,,947.6922607421875,1,2.596417188644409,28.9537296295166,3.95829176902771,105,260,10.59487247467041,18.76023292541504
2048,ssp370,69085,Northern Islands,,1414.2421875,1,3.874636173248291,27.6727352142334,4.581770420074463,63,302,13.1572847366333,19.948110580444336
2049,ssp370,69085,Northern Islands,,906.2513427734375,5,2.4828803539276123,33.62611389160156,4.670956134796143,125,240,10.196904182434082,28.69988250732422
2050,ssp370,69085,Northern Islands,,567.4739990234375,0,1.5547232627868652,12.816500663757324,2.0993874073028564,100,265,5.489665508270264,9.997528076171875
2051,ssp370,69085,Northern Islands,,2310.720703125,3,6.330741882324219,34.72885513305664,5.770041465759277,29,336,16.6173038482666,24.644662857055664
2052,ssp370,69085,Northern Islands,,2216.312744140625,2,6.072089672088623,42.28374099731445,6.007646083831787,41,324,18.237646102905273,22.970197677612305
2053,ssp370,69085,Northern Islands,,1245.1710205078125,1,3.4114274978637695,37.02113723754883,4.6929521560668945,76,289,12.34571361541748,20.404014587402344
2054,ssp370,69085,Northern Islands,,1057.4293212890625,1,2.897066593170166,27.487707138061523,4.383192539215088,90,275,12.307466506958008,19.312564849853516
2055,ssp370,69085,Northern Islands,,1798.490966796875,3,4.927372455596924,39.27393341064453,5.724215984344482,69,296,15.753562927246094,24.527421951293945
2056,ssp370,69085,Northern Islands,,1045.2373046875,2,2.863663911819458,27.582992553710938,4.379333972930908,93,272,10.883817672729492,20.09950065612793
2057,ssp370,69085,Northern Islands,,1935.497802734375,5,5.302733898162842,33.28483963012695,5.872705936431885,52,313,16.006675720214844,27.19749641418457
2058,ssp370,69085,Northern Islands,,1080.8935546875,0,2.9613521099090576,19.360410690307617,3.6874685287475586,79,286,11.059024810791016,14.748520851135254
2059,ssp370,69085,Northern Islands,,1798.3948974609375,0,4.927109241485596,21.05931854248047,4.9309186935424805,63,302,13.778890609741211,19.14470863342285
2060,ssp370,69085,Northern Islands,,1570.2764892578125,2,4.302127361297607,35.32893753051758,4.962409496307373,73,292,13.355772972106934,20.567394256591797
2061,ssp370,69085,Northern Islands,,1355.2630615234375,4,3.7130494117736816,40.522491455078125,5.533300876617432,79,286,13.232943534851074,25.165369033813477
2062,ssp370,69085,Northern Islands,,852.9908447265625,1,2.336961269378662,25.87495994567871,3.976881742477417,117,248,11.107187271118164,16.601442337036133
2063,ssp370,69085,Northern Islands,,1851.6619873046875,8,5.073046684265137,42.992549896240234,5.948484420776367,45,320,13.971607208251953,30.969532012939453
2064,ssp370,69085,Northern Islands,,2485.199951171875,16,6.808766841888428,36.9159049987793,7.5557708740234375,22,343,23.816251754760742,32.000946044921875
2065,ssp370,69085,Northern Islands,,859.7255859375,0,2.355412483215332,16.10433006286621,2.8528592586517334,93,272,8.007573127746582,11.710919380187988
2066,ssp370,69085,Northern Islands,,861.498291015625,0,2.36026930809021,17.814241409301758,2.9327189922332764,73,292,8.155885696411133,13.174324989318848
2067,ssp370,69085,Northern Islands,,1229.455078125,1,3.3683700561523438,27.999826431274414,4.001608371734619,54,311,10.65477180480957,20.511005401611328
2068,ssp370,69085,Northern Islands,,2395.05078125,4,6.5617828369140625,34.08317565917969,6.165915012359619,40,325,18.763927459716797,25.371257781982422
2069,ssp370,69085,Northern Islands,,1448.1844482421875,2,3.9676287174224854,28.893152236938477,5.39926815032959,80,285,15.615768432617188,23.95349884033203
2070,ssp370,69085,Northern Islands,,1080.726806640625,0,2.960895299911499,24.943931579589844,3.7575573921203613,85,280,10.229795455932617,15.601020812988281
2071,ssp370,69085,Northern Islands,,2096.313232421875,9,5.743323802947998,35.32802200317383,6.892928600311279,63,302,20.696313858032227,30.0461483001709
2072,ssp370,69085,Northern Islands,,815.9716796875,2,2.235538959503174,26.96449089050293,3.7982754707336426,113,252,9.576611518859863,17.90904426574707
2073,ssp370,69085,Northern Islands,,1481.85302734375,1,4.059871196746826,27.383447647094727,4.809203624725342,73,292,13.286442756652832,20.21293830871582
2074,ssp370,69085,Northern Islands,,1867.434326171875,4,5.11625862121582,44.794525146484375,5.600711822509766,37,328,15.390932083129883,24.83767318725586
2075,ssp370,69085,Northern Islands,,1624.446533203125,3,4.450538635253906,32.26795196533203,5.448105335235596,79,286,16.458864212036133,22.368215560913086
2076,ssp370,69085,Northern Islands,,855.59765625,0,2.3441030979156494,18.385164260864258,3.158511161804199,103,262,9.08034896850586,12.455204010009766
2077,ssp370,69085,Northern Islands,,1749.167724609375,2,4.792240142822266,32.171966552734375,5.317710876464844,80,285,14.671689987182617,22.473886489868164
2078,ssp370,69085,Northern Islands,,2392.44775390625,18,6.554651260375977,52.559696197509766,8.38309097290039,48,317,24.554704666137695,39.32084655761719
2079,ssp370,69085,Northern Islands,,1497.991455078125,5,4.104086399078369,55.4236946105957,6.387918949127197,93,272,16.180089950561523,28.544235229492188
2080,ssp370,69085,Northern Islands,,756.8721313476562,3,2.073622226715088,34.73779296875,3.8041880130767822,91,274,7.715515613555908,23.171350479125977
2081,ssp370,69085,Northern Islands,,1187.43212890625,5,3.2532386779785156,44.242279052734375,5.595655918121338,99,266,13.027982711791992,30.80255126953125
2082,ssp370,69085,Northern Islands,,1777.957275390625,7,4.871115684509277,30.298696517944336,6.597430229187012,88,277,19.665922164916992,27.273773193359375
2083,ssp370,69085,Northern Islands,,1089.539306640625,3,2.985039234161377,29.22553062438965,4.787211894989014,90,275,13.292033195495605,20.440732955932617
2084,ssp370,69085,Northern Islands,,1023.17431640625,0,2.8032174110412598,24.89750862121582,3.8233354091644287,90,275,10.827625274658203,15.532088279724121
2085,ssp370,69085,Northern Islands,,1358.47802734375,0,3.7218575477600098,16.432954788208008,3.6008262634277344,47,318,10.469045639038086,13.992639541625977
2086,ssp370,69085,Northern Islands,,2392.573974609375,9,6.554996967315674,38.25850296020508,6.465517044067383,20,345,18.632307052612305,29.50399398803711
2087,ssp370,69085,Northern Islands,,2513.9833984375,13,6.887625694274902,44.12596130371094,7.817646026611328,50,315,22.5987491607666,35.04688262939453
2088,ssp370,69085,Northern Islands,,1369.000244140625,4,3.750685691833496,49.57904052734375,6.130217552185059,88,277,14.061124801635742,25.461986541748047
2089,ssp370,69085,Northern Islands,,1016.3194580078125,0,2.7844369411468506,21.7520809173584,3.732065439224243,90,275,10.257400512695312,17.15816307067871
2090,ssp370,69085,Northern Islands,,2632.87109375,6,7.213345527648926,35.28867721557617,6.464720249176025,31,334,20.75053596496582,26.63687515258789
2091,ssp370,69085,Northern Islands,,1534.18359375,5,4.203242778778076,37.73506546020508,5.830556392669678,93,272,16.17911720275879,26.960845947265625
2092,ssp370,69085,Northern Islands,,1098.2708740234375,0,3.0089612007141113,24.432065963745117,4.58598518371582,86,279,13.069520950317383,21.460647583007812
2093,ssp370,69085,Northern Islands,,508.93695068359375,0,1.3943477869033813,15.49341869354248,2.470982074737549,123,242,6.355766296386719,13.011611938476562
2094,ssp370,69085,Northern Islands,,1480.499755859375,3,4.056163787841797,35.113182067871094,5.088750839233398,72,293,13.778265953063965,24.633075714111328
2095,ssp370,69085,Northern Islands,,2055.462646484375,8,5.631404399871826,64.75570678710938,6.984481334686279,49,316,17.267723083496094,30.746286392211914
2096,ssp370,69085,Northern Islands,,1745.3875732421875,4,4.781883716583252,36.580013275146484,6.501990795135498,101,264,20.091915130615234,25.0363826751709
2097,ssp370,69085,Northern Islands,,791.7135009765625,0,2.1690781116485596,22.90500831604004,3.159203052520752,84,281,8.837182998657227,13.52580738067627
2098,ssp370,69085,Northern Islands,,1332.5079345703125,3,3.6507067680358887,40.80783462524414,5.158682346343994,83,282,14.503341674804688,20.564123153686523
2099,ssp370,69085,Northern Islands,,2198.166259765625,15,6.022373199462891,50.81776809692383,8.260237693786621,80,285,23.28028106689453,34.751983642578125
2100,ssp370,69085,Northern Islands,,811.0632934570312,4,2.2220911979675293,48.50419998168945,5.45536994934082,96,269,8.338053703308105,27.577110290527344
2015,ssp370,69110,Saipan,,7989.2119140625,143,21.88825225830078,129.84934997558594,22.735904693603516,61,304,61.55889129638672,95.82856750488281
2016,ssp370,69110,Saipan,,6739.984375,92,18.465709686279297,149.3377685546875,27.413898468017578,106,259,80.49861145019531,118.36276245117188
2017,ssp370,69110,Saipan,,4064.58203125,61,11.135841369628906,106.4493179321289,19.070396423339844,128,237,54.256980895996094,84.77029418945312
2018,ssp370,69110,Saipan,,7041.15087890625,104,19.29082489013672,118.5659408569336,21.384103775024414,58,307,61.612674713134766,102.9728012084961
2019,ssp370,69110,Saipan,,2940.904541015625,38,8.057272911071777,57.47018051147461,12.175098419189453,117,248,38.091087341308594,49.11589050292969
2020,ssp370,69110,Saipan,,7730.482421875,119,21.17940330505371,185.2835235595703,24.734460830688477,54,311,66.33808898925781,110.78099822998047
2021,ssp370,69110,Saipan,,9192.775390625,136,25.185686111450195,178.0258026123047,31.60792350769043,72,293,95.41294860839844,131.67210388183594
2022,ssp370,69110,Saipan,,1298.642578125,11,3.55792498588562,71.88793182373047,8.45197582244873,173,192,19.657745361328125,38.74883270263672
2023,ssp370,69110,Saipan,,4437.87646484375,60,12.158565521240234,82.30425262451172,14.544310569763184,96,269,43.302982330322266,56.078060150146484
2024,ssp370,69110,Saipan,,6448.03515625,111,17.665849685668945,118.29854583740234,21.669538497924805,94,271,59.813385009765625,86.29938507080078
2025,ssp370,69110,Saipan,,2516.08349609375,31,6.893379211425781,45.01468276977539,10.5637788772583,157,208,29.414566040039062,40.14814758300781
2026,ssp370,69110,Saipan,,4999.70703125,78,13.697827339172363,105.87640380859375,19.268842697143555,124,241,57.0963020324707,79.42247009277344
2027,ssp370,69110,Saipan,,5128.61181640625,68,14.05099105834961,134.04150390625,20.833709716796875,98,267,62.88454055786133,85.90991973876953
2028,ssp370,69110,Saipan,,3836.18359375,53,10.510091781616211,107.61031341552734,16.524206161499023,86,279,45.81675720214844,73.63756561279297
2029,ssp370,69110,Saipan,,4193.2255859375,55,11.488288879394531,117.02703857421875,16.649309158325195,89,276,47.70854187011719,78.45018005371094
2030,ssp370,69110,Saipan,,5693.3271484375,99,15.598156929016113,83.88887786865234,17.74662971496582,82,283,49.462188720703125,68.92376708984375
2031,ssp370,69110,Saipan,,7999.6630859375,131,21.916885375976562,143.55296325683594,22.85775375366211,53,312,67.32492065429688,89.06007385253906
2032,ssp370,69110,Saipan,,5283.6806640625,71,14.475837707519531,98.4533920288086,17.19365119934082,59,306,51.078346252441406,69.2431640625
2033,ssp370,69110,Saipan,,6129.21630859375,81,16.792373657226562,189.54327392578125,22.533855438232422,58,307,58.8253173828125,80.55180358886719
2034,ssp370,69110,Saipan,,3683.58447265625,40,10.092012405395508,114.71842193603516,20.032468795776367,119,246,49.50804138183594,109.43087768554688
2035,ssp370,69110,Saipan,,4200.92724609375,54,11.509389877319336,233.35137939453125,19.218183517456055,90,275,42.093238830566406,62.14712905883789
2036,ssp370,69110,Saipan,,8409.96875,136,23.0410099029541,304.0149841308594,28.575653076171875,66,299,61.4970817565918,99.91609191894531
2037,ssp370,69110,Saipan,,5623.9951171875,80,15.40820598602295,121.45477294921875,19.815635681152344,74,291,54.38142395019531,99.59678649902344
2038,ssp370,69110,Saipan,,3899.200439453125,50,10.682741165161133,124.06668090820312,18.289215087890625,117,248,49.0937614440918,83.23564147949219
2039,ssp370,69110,Saipan,,6094.54296875,103,16.697378158569336,89.4238510131836,18.253726959228516,64,301,54.290042877197266,77.63053894042969
2040,ssp370,69110,Saipan,,4273.41015625,48,11.70797348022461,115.22412872314453,19.039745330810547,91,274,50.90708541870117,95.74332427978516
2041,ssp370,69110,Saipan,,8183.06640625,136,22.41935920715332,154.81793212890625,23.986093521118164,56,309,69.80584716796875,98.27213287353516
2042,ssp370,69110,Saipan,,5019.80078125,70,13.75287914276123,115.2500228881836,19.893436431884766,111,254,56.79148483276367,88.55630493164062
2043,ssp370,69110,Saipan,,4863.37158203125,67,13.324305534362793,135.06434631347656,20.3615665435791,83,282,57.55339431762695,90.55122375488281
2044,ssp370,69110,Saipan,,8349.474609375,137,22.875272750854492,127.00167083740234,22.464250564575195,58,307,64.74049377441406,101.80571746826172
2045,ssp370,69110,Saipan,,6515.09326171875,110,17.849571228027344,112.4758071899414,20.973905563354492,95,270,56.822959899902344,91.43109893798828
2046,ssp370,69110,Saipan,,8083.669921875,133,22.14704132080078,152.5671844482422,24.6674861907959,74,291,68.3836441040039,109.02948760986328
2047,ssp370,69110,Saipan,,3436.274658203125,46,9.414450645446777,135.4000701904297,15.212635040283203,112,253,40.041988372802734,56.466949462890625
2048,ssp370,69110,Saipan,,6198.62158203125,107,16.982524871826172,124.1804428100586,20.46738624572754,82,283,58.02128601074219,83.68159484863281
2049,ssp370,69110,Saipan,,3672.005859375,42,10.060290336608887,141.1628875732422,17.314455032348633,112,253,40.21461868286133,93.02086639404297
2050,ssp370,69110,Saipan,,2470.79345703125,29,6.769297122955322,80.46268463134766,11.500927925109863,146,219,31.72351837158203,51.93704605102539
2051,ssp370,69110,Saipan,,10521.8798828125,174,28.827068328857422,165.19447326660156,25.987462997436523,32,333,79.4937973022461,112.0971450805664
2052,ssp370,69110,Saipan,,10752.99609375,181,29.460264205932617,208.2306671142578,26.828067779541016,45,320,77.00825500488281,112.9666748046875
2053,ssp370,69110,Saipan,,6271.2587890625,99,17.181529998779297,128.00616455078125,19.71519660949707,75,290,53.59360122680664,77.65142059326172
2054,ssp370,69110,Saipan,,4295.3037109375,73,11.767955780029297,81.50507354736328,17.004058837890625,125,240,45.0378532409668,68.78816986083984
2055,ssp370,69110,Saipan,,7556.9619140625,126,20.70400619506836,186.8204803466797,24.535850524902344,75,290,61.61231994628906,110.72284698486328
2056,ssp370,69110,Saipan,,4885.96484375,71,13.386204719543457,151.92724609375,20.046405792236328,92,273,50.90555953979492,81.57971954345703
2057,ssp370,69110,Saipan,,7775.9072265625,137,21.303855895996094,134.94773864746094,22.760974884033203,71,294,65.01290893554688,100.9582748413086
2058,ssp370,69110,Saipan,,3781.2431640625,57,10.359570503234863,63.91984176635742,14.179938316345215,99,266,41.2930793762207,56.07611846923828
2059,ssp370,69110,Saipan,,7246.982421875,122,19.854745864868164,109.15489959716797,20.643720626831055,63,302,57.377655029296875,85.47746276855469
2060,ssp370,69110,Saipan,,7372.65234375,131,20.199047088623047,127.7817153930664,21.120737075805664,63,302,56.750099182128906,86.47760009765625
2061,ssp370,69110,Saipan,,6520.0947265625,94,17.86327362060547,170.95924377441406,23.47392463684082,66,299,60.454933166503906,106.02300262451172
2062,ssp370,69110,Saipan,,3022.662109375,37,8.281266212463379,107.23468017578125,15.409228324890137,117,248,42.437950134277344,69.97172546386719
2063,ssp370,69110,Saipan,,7504.255859375,137,20.55960464477539,116.4847640991211,20.727760314941406,56,309,60.700592041015625,91.5
2064,ssp370,69110,Saipan,,9573.638671875,163,26.22914695739746,174.0411376953125,25.95148277282715,38,327,71.02234649658203,117.62928771972656
2065,ssp370,69110,Saipan,,4297.7275390625,57,11.774596214294434,72.1725082397461,15.12794303894043,87,278,43.102176666259766,62.76893615722656
2066,ssp370,69110,Saipan,,2605.652099609375,25,7.138772964477539,111.23197174072266,12.17548656463623,122,243,29.7486572265625,51.96992492675781
2067,ssp370,69110,Saipan,,4836.26611328125,68,13.250043869018555,178.3680877685547,20.90339469909668,98,267,47.52265548706055,90.1024398803711
2068,ssp370,69110,Saipan,,11055.83203125,190,30.28995132446289,134.88433837890625,24.692134857177734,25,340,74.787841796875,106.5697021484375
2069,ssp370,69110,Saipan,,6642.7998046875,89,18.199451446533203,138.82733154296875,25.376144409179688,85,280,73.09278869628906,117.90616607666016
2070,ssp370,69110,Saipan,,5594.1396484375,85,15.326410293579102,112.79993438720703,18.628007888793945,81,284,49.316619873046875,87.4205322265625
2071,ssp370,69110,Saipan,,9341.3251953125,139,25.59267234802246,133.783935546875,26.80867576599121,42,323,85.7353744506836,109.27304077148438
2072,ssp370,69110,Saipan,,3448.25341796875,42,9.447269439697266,115.45149993896484,16.791900634765625,114,251,43.90882110595703,77.96109008789062
2073,ssp370,69110,Saipan,,6237.67138671875,109,17.089509963989258,149.42752075195312,20.080114364624023,86,279,50.128875732421875,75.89424133300781
2074,ssp370,69110,Saipan,,7872.6650390625,120,21.568944931030273,168.59967041015625,22.14019203186035,45,320,57.865081787109375,96.97052764892578
2075,ssp370,69110,Saipan,,7563.564453125,118,20.72209358215332,212.72862243652344,25.358219146728516,62,303,67.6911849975586,95.06902313232422
2076,ssp370,69110,Saipan,,3005.76318359375,38,8.234967231750488,62.0455436706543,12.031283378601074,106,259,36.47838592529297,48.64375305175781
2077,ssp370,69110,Saipan,,7979.4423828125,150,21.861486434936523,156.7108917236328,19.82721710205078,50,315,53.632080078125,76.43037414550781
2078,ssp370,69110,Saipan,,9868.8828125,152,27.038034439086914,208.8284149169922,28.079818725585938,41,324,84.52445983886719,115.8929672241211
2079,ssp370,69110,Saipan,,7275.93408203125,111,19.934066772460938,164.78045654296875,24.954364776611328,72,293,70.2632064819336,105.8150405883789
2080,ssp370,69110,Saipan,,3425.665283203125,36,9.385384559631348,131.22743225097656,16.81783103942871,73,292,41.610294342041016,82.91741943359375
2081,ssp370,69110,Saipan,,5456.09130859375,81,14.948195457458496,244.92237854003906,23.775808334350586,117,248,52.53462219238281,101.56783294677734
2082,ssp370,69110,Saipan,,8895.412109375,131,24.37099266052246,156.2338104248047,30.0749454498291,64,301,83.49736785888672,131.7159423828125
2083,ssp370,69110,Saipan,,4904.810546875,59,13.437836647033691,152.01666259765625,21.046783447265625,104,261,50.483856201171875,110.59947967529297
2084,ssp370,69110,Saipan,,3504.6826171875,45,9.6018705368042,164.46836853027344,14.984036445617676,83,282,37.035343170166016,51.401756286621094
2085,ssp370,69110,Saipan,,4669.046875,66,12.791909217834473,65.30684661865234,13.260944366455078,68,297,38.8294792175293,48.0382080078125
2086,ssp370,69110,Saipan,,9163.966796875,158,25.10675811767578,125.07028198242188,24.09088897705078,36,329,73.7194595336914,109.97711181640625
2087,ssp370,69110,Saipan,,9647.888671875,149,26.432571411132812,116.44493865966797,27.382963180541992,55,310,82.7271499633789,106.133544921875
2088,ssp370,69110,Saipan,,6790.00048828125,99,18.602741241455078,163.2244415283203,25.488975524902344,74,291,70.57673645019531,119.49756622314453
2089,ssp370,69110,Saipan,,3964.6767578125,57,10.862128257751465,83.84675598144531,14.181282997131348,88,277,40.638912200927734,52.72385787963867
2090,ssp370,69110,Saipan,,10900.576171875,189,29.864591598510742,153.3251953125,25.21097183227539,28,337,77.73606872558594,119.28882598876953
2091,ssp370,69110,Saipan,,6282.2587890625,89,17.211668014526367,178.76031494140625,22.57788848876953,83,282,59.428123474121094,90.86338806152344
2092,ssp370,69110,Saipan,,3720.03515625,51,10.191877365112305,116.80923461914062,16.680057525634766,116,249,47.87266159057617,69.25874328613281
2093,ssp370,69110,Saipan,,2006.305419921875,19,5.496726989746094,72.74771118164062,10.095687866210938,151,214,25.903650283813477,48.22162628173828
2094,ssp370,69110,Saipan,,6129.33935546875,87,16.79271125793457,96.7222671508789,17.09425926208496,50,315,48.860923767089844,78.42451477050781
2095,ssp370,69110,Saipan,,10287.6474609375,159,28.185335159301758,296.17388916015625,31.2781982421875,33,332,81.394775390625,136.47572326660156
2096,ssp370,69110,Saipan,,7460.9462890625,116,20.440948486328125,162.1480255126953,26.922061920166016,81,284,70.3930435180664,121.40983581542969
2097,ssp370,69110,Saipan,,4007.05859375,64,10.978242874145508,136.82403564453125,18.980085372924805,127,238,43.73007583618164,81.75428771972656
2098,ssp370,69110,Saipan,,5309.4169921875,81,14.546347618103027,155.5841522216797,20.761146545410156,87,278,52.31663131713867,91.52333068847656
2099,ssp370,69110,Saipan,,9653.2978515625,137,26.447391510009766,180.8874053955078,32.047183990478516,62,303,97.46331787109375,132.73492431640625
2100,ssp370,69110,Saipan,,3210.38037109375,30,8.795562744140625,109.69247436523438,16.664474487304688,91,274,46.585365295410156,83.760009765625
